Ticker,Date,PRC,RET,Headline,Score
ACCO,2021-06-30,8.63,0.010539,PowerA Announces the New Designed for Xbox Spectra Infinity Enhanced Wired Controller,0.32
ACCO,2021-06-25,8.68,0.024793,ACCO Brands Corporation Announces Participation in Noble Capital Markets’ Virtual Road Show Series,0.35
ACCO,2021-06-17,8.59,-0.03915,Derwent® Launches New Chromaflow Colour Pencil Range to Collection of Premium Art Products,0.1
ACCO,2021-06-11,9.22,0.012075,All You Need to Know About Acco (ACCO) Rating Upgrade to Buy,0.74
ACCO,2021-06-10,9.11,-0.019376,ACCO Brands Corporation Announces Participation in Virtual 2021 East Coast IDEAS Conference,0.03
ACCO,2021-06-03,9.02,-0.004415,PowerA Announces the New FUSION Pro 2 Wired Controller Designed for Xbox,0.18
ACCO,2021-06-01,9.15,0.004391,Why Fast-paced Mover Acco (ACCO) Is a Great Choice for Value Investors,0.64
ACCO,2021-05-18,9.66,0.001036,"Acco (ACCO) Hits 52-Week High, Can the Run Continue?",0.66
ACCO,2021-05-14,9.65,-0.003099,"How Many ACCO Brands Corporation (NYSE:ACCO) Shares Did Insiders Buy, In The Last Year?",-0.18
ACCO,2021-05-12,9.22,-0.014957,Looking for a Fast-paced Momentum Stock at a Bargain? Consider Acco (ACCO),0.55
ACCO,2021-05-05,9.02,0.008949,ACCO Brands Corporation Declares Quarterly Dividend,0.31
ACCO,2021-04-30,8.58,-0.016055,ACCO Brands Corp (ACCO) Q1 2021 Earnings Call Transcript,0.17
ACCO,2021-04-28,8.9,0.037296,Acco Brands (ACCO) Tops Q1 Earnings and Revenue Estimates,0.74
ACCO,2021-04-28,8.9,0.037296,ACCO Brands Posts First Quarter 2021 Sales Increase of 7 Percent Based on Strength in PowerA and EMEA,0.62
ACCO,2021-04-21,8.44,0.008363,"Dover (DOV) Tops Q1 Earnings Estimates, Hikes Guidance",0.76
ACCO,2021-04-21,8.44,0.008363,"Crown Holdings (CCK) Q1 Earnings &amp; Sales Beat Estimates, Up Y/Y",0.73
ACCO,2021-04-21,8.44,0.008363,Top Ranked Value Stocks to Buy for April 20th,0.52
ACCO,2021-04-20,8.37,-0.03125,Here's Why it is Worth Investing in Kennametal (KMT) Stock,0.52
ACCO,2021-04-15,8.86,0.010262,"Zacks.com featured highlights include: The Mosaic Co, Atlas Corp, ACCO Brands, AdvanSix and Global Net Lease",0.16
ACCO,2021-04-14,8.77,0.018583,ACCO Brands Corporation Announces Death of Lead Independent Board Director,-0.2
ACCO,2021-04-08,8.37,-0.005938,Should Value Investors Buy Acco Brands (ACCO) Stock?,0.17
ACCO,2021-04-08,8.37,-0.005938,Can You Imagine How ACCO Brands' (NYSE:ACCO) Shareholders Feel About The 62% Share Price Increase?,0.64
ACCO,2021-04-06,8.5,-0.013921,ACCO Brands Corporation Announces First Quarter 2021 Earnings Webcast,0.17
ACCO,2021-03-24,7.94,-0.006258,Sidoti Virtual Investor Conference,0.17
ACCO,2021-03-24,7.94,-0.006258,Why You Shouldn't Bet Against ACCO Brands (ACCO) Stock,0.52
ACCO,2021-03-16,8.66,-0.021861,ACCO Brands Corporation Announces Participation in Sidoti Spring 2021 Virtual Conference,0.04
ACCO,2021-03-02,8.28,-0.03271,ACCO Brands Corporation Prices Private Offering of $575 Million of Senior Unsecured Notes,0.04
ACCO,2021-03-02,8.28,-0.03271,ACCO Brands Corporation -- Moody's assigns a B1 rating to ACCO's new senior unsecured notes,0.63
ACCO,2021-03-02,8.28,-0.03271,ACCO Brands Corporation Announces Private Offering of $650 Million of Senior Unsecured Notes,-0.07
ACCO,2021-03-02,8.28,-0.03271,Should We Be Excited About The Trends Of Returns At ACCO Brands (NYSE:ACCO)?,0.09
ACCO,2021-02-22,8.95,0.075721,A Trio of Stocks Trading Near the GF Value Line,0.09
ACCO,2021-02-18,8.23,-0.023725,ACCO Brands Corp (ACCO) Q4 2020 Earnings Call Transcript,0.0
ACCO,2021-02-17,8.43,-0.0453,Recap: ACCO Brands Q4 Earnings,0.64
ACCO,2021-02-17,8.43,-0.0453,ACCO Brands Posts 2020 EPS of $0.65 Versus $1.06 in 2019; Cash From Operations Was $119 Million; Reports Progress on Strategic Transformation With PowerA Acquisition,-0.04
ACCO,2021-02-17,8.43,-0.0453,"Earnings Scheduled For February 16, 2021",0.15
ACCO,2021-02-10,9.21,-0.017076,Analysts Estimate Acco Brands (ACCO) to Report a Decline in Earnings: What to Look Out for,-0.43
ACCO,2021-01-28,8.34,0.006031,ACCO Brands Corporation -- Moody's announces completion of a periodic review of ratings of ACCO Brands Corporation,0.15
ACCO,2021-01-25,8.63,-0.019318,Is ACCO Brands Corporation's (NYSE:ACCO) 10% ROE Strong Compared To Its Industry?,0.15
ACCO,2021-01-14,8.84,0.007982,"Kennametal (KMT) Displays Bright Prospects, Headwinds Persist",0.24
ACCO,2021-01-14,8.84,0.007982,Here's Why it is Worth Investing in Rexnord (RXN) Stock Now,0.74
ACCO,2021-01-13,8.77,-0.026637,ACCO Brands Corporation Announces Fourth Quarter and Full Year 2020 Earnings Webcast,0.11
ACCO,2021-01-12,9.01,0.057512,ACCO Brands Corporation Announces Participation in Noble Conference,0.06
ACCO,2021-01-06,8.84,0.036342,Is Acco Brands (ACCO) a Great Value Stock Right Now?,0.3
ACCO,2021-01-06,8.84,0.036342,Is ACCO Brands (ACCO) a Good Stock for Value Investors?,0.36
ACCO,2020-12-11,8.53,0.005896,Is AGRO A Good Stock To Buy Now?,0.28
ACCO,2020-11-13,6.89,0.026826,Richard Snow's Top 3rd-Quarter Trades,0.32
ACCO,2020-11-13,6.89,0.026826,"Benzinga's Top Upgrades, Downgrades For November 12, 2020",0.15
ACCO,2020-09-09,6.21,-0.029688,3 Stocks Trading Below the Earnings Power Value,0.32
ACCO,2020-09-03,6.68,-0.017647,5 Value Stocks In The Industrials Sector,0.32
ACCO,2020-07-31,6.52,-0.055072,Registration: Sidoti's 2020 Fall Virtual Investor Conference is Now Open,0.17
ACCO,2020-06-26,6.58,0.026521,"Hedge Funds Aren’t Crazy About Ennis, Inc. (EBF) Anymore",-0.43
ACCO,2020-06-04,6.87,-0.002903,47 Public Companies to present at the Summer Virtual Investor Summit on June 9th-12th,0.04
AIN,2021-06-10,87.9,0.003768,Is Albany International Corp.'s (NYSE:AIN) Recent Performance Tethered To Its Attractive Financial Prospects?,0.51
AIN,2021-05-28,89.35,0.015456,What Makes Albany International (AIN) a New Buy Stock,0.73
AIN,2021-05-14,86.3,0.021181,Albany International Declares Dividend,0.33
AIN,2021-04-28,90.34,0.00523,Albany International Corp (AIN) Q1 2021 Earnings Call Transcript,0.17
AIN,2021-04-28,90.34,0.00523,Albany International Corp. to Host Earnings Call,0.22
AIN,2021-04-27,89.87,0.009662,Albany International (AIN) Tops Q1 Earnings and Revenue Estimates,0.76
AIN,2021-04-27,89.87,0.009662,Albany International Reports First-Quarter 2021 Results,0.51
AIN,2021-04-20,85.17,-0.02918,Analysts Estimate Albany International (AIN) to Report a Decline in Earnings: What to Look Out for,-0.43
AIN,2021-04-19,87.73,-0.002842,Is Albany International Corp. (NYSE:AIN) Worth US$88.0 Based On Its Intrinsic Value?,0.23
AIN,2021-04-07,84.76,-0.020569,Albany International Announces Earnings Release Date,0.04
AIN,2021-03-19,85.22,-0.016276,Albany International to Present at Sidoti Spring 2021 Virtual Conference,0.21
AIN,2021-03-09,85.67,-0.010967,"Benzinga's Top Ratings Upgrades, Downgrades For March 8, 2021",0.04
AIN,2021-03-09,85.67,-0.010967,P/E Ratio Insights for Albany Intl,0.27
AIN,2021-03-09,85.67,-0.010967,ROCE Insights For Albany International,0.39
AIN,2021-02-18,80.47,0.03605,Albany International Corp. (NYSE:AIN) Analysts Just Slashed This Year's Estimates,-0.62
AIN,2021-02-12,73.63,0.025202,Albany International Corp (AIN) Q4 2020 Earnings Call Transcript,0.34
AIN,2021-02-11,71.82,-0.046975,Albany International (AIN) Tops Q4 Earnings and Revenue Estimates,0.76
AIN,2021-02-11,71.82,-0.046975,Recap: Albany International Q4 Earnings,0.62
AIN,2021-02-11,71.82,-0.046975,Albany International Reports Fourth-Quarter 2020 Results,0.66
AIN,2021-01-22,76.72,0.005241,Is It Too Late To Consider Buying Albany International Corp. (NYSE:AIN)?,0.17
AIN,2021-01-07,77.07,0.001429,Albany International (AIN) Upgraded to Buy: Here's What You Should Know,0.71
AIN,2020-12-18,74.0,0.01356,Is AIN A Good Stock To Buy Now?,0.27
AIN,2020-12-17,73.01,0.018413,"Albany International Corp. (NYSE:AIN) Passed Our Checks, And It's About To Pay A US$0.20 Dividend",0.76
AIN,2020-12-16,71.69,-0.020495,Is NOAH A Good Stock To Buy Now?,0.11
AIN,2020-12-15,73.19,0.039631,Where Do Hedge Funds Stand On Sandstorm Gold Ltd. (SAND)?,-0.1
AIN,2020-12-11,71.27,-0.001681,J. Michael McQuade Elected to Albany International Corp. Board,0.21
AIN,2020-12-04,72.12,0.028376,"Here is What Hedge Funds Think About Enviva Partners, LP (EVA)",0.17
AIN,2020-10-29,49.5,-0.030172,Albany International (AIN) Tops Q3 Earnings and Revenue Estimates,0.74
AIN,2020-10-15,55.14,0.001817,Hedge Funds Are Coming Back To Innospec Inc. (IOSP),0.62
AIN,2020-10-08,53.45,-0.000187,Hedge Funds Dipping Their Toes Into Visteon Corp (VC),0.41
AIV,2021-06-29,6.69,-0.034632,The company Tesla booted from the S&amp;P 500 is outperforming it,0.66
AIV,2021-06-22,7.4,-0.010695,"Is Republic Bancorp, Inc. (RBCAA) Going to Burn These Hedge Funds?",0.7
AIV,2021-06-15,7.56,-0.016905,Where Do Hedge Funds Stand On PBF Logistics LP (PBFX)?,0.27
AIV,2021-05-27,7.0,0.0,AIR Communities Earns Ninth Top Workplace Award,0.71
AIV,2021-05-21,6.84,0.007364,"MERGER ALERT – KSU, and AIV: Levi &amp; Korsinsky, LLP Reminds Investors of Investigations Concerning the Mergers of these Companies",-0.52
AIV,2021-05-19,6.62,-0.008982,"Aimco (AIV) Q1 Net Income &amp; Revenues Rise Y/Y, NOI Declines",0.21
AIV,2021-05-18,6.68,0.0,Aimco Reports First Quarter 2021 Results,0.11
AIV,2021-05-12,6.56,-0.029586,"MERGER ALERT - KSU, and AIV: Levi &amp; Korsinsky, LLP Reminds Investors of Investigations Concerning the Mergers of these Companies",-0.61
AIV,2021-05-06,6.89,0.040785,"Canadian pension fund reviews options for Spain's Eolia, sources say",0.44
AIV,2021-05-06,6.89,0.040785,"UPDATE 1-Canadian pension fund reviews options for Spain's Eolia, sources say",0.44
AIV,2021-04-30,6.94,0.022091,AIR Reports First Quarter 2021 Results,0.17
AIV,2021-04-29,6.79,0.01952,Apartment Income REIT Corp. Announces Quarterly Common Dividend of $0.43 Per Share,0.36
AIV,2021-04-28,6.66,-0.008929,Conor Wagner Resigns as Chief Investment Officer,-0.31
AIV,2021-04-28,6.66,-0.008929,Top 10 REIT Stocks Under $10,0.18
AIV,2021-04-27,6.72,0.00149,"Apartment Income REIT Corp. Announces Further Progress as ""Best in Class"" Apartment REIT",0.67
AIV,2021-04-16,6.38,0.006309,"Apartment Income REIT Corp. Announces Closing of $1.4 Billion Credit Facility, First Quarter 2021 Leasing Results, and Increased 2021 Guidance",0.64
AIV,2021-04-09,6.23,0.001608,Apartment Income REIT Corp. Announces Dates for First Quarter 2021 Earnings Release and Conference Call,0.18
AIV,2021-03-31,6.14,-0.014446,"MERGER ALERT - MIK, and AIV: Levi &amp; Korsinsky, LLP Reminds Investors of Investigations Concerning the Mergers of these Companies",-0.41
AIV,2021-03-16,5.72,0.012389,"Aimco (AIV) Posts Q4 Loss, Stock Gains as Revenues Increases",0.51
AIV,2021-03-03,4.82,0.004167,Fiserv to Present at Evercore ISI’s 2021 Payments and FinTech Innovators Forum,0.31
AIV,2021-02-10,4.92,-0.006061,"SHAREHOLDER ALERT: Levi &amp; Korsinsky, LLP Reminds Shareholders of an Investigation Concerning Possible Breaches of Fiduciary Duty by Certain Officers and Directors of Apartment Investment and Management Company - AIV",-0.72
AIV,2021-01-06,5.07,0.007952,5 Apartment REITs to Watch,0.16
AIV,2021-01-05,5.03,-0.005929,Why Apartment Investment and Management Stock Plummeted 86% in December,-0.79
AIV,2020-12-22,5.08,0.049587,Is ITT A Good Stock To Buy According To Hedge Funds?,0.37
AIV,2020-12-18,4.52,-0.027957,Gearing Up: Tesla's Path To The S&amp;P 500 Index Has Been A Wild Ride,0.62
AIV,2020-12-17,4.65,0.006494,Shares of Aimco (AIV) Tumble as It Completes Spin-Off of AIR,-0.55
AIV,2020-12-16,4.62,-0.083333,Apartment Investment Completes Separation Into Two Companies,0.66
AIV,2020-12-16,4.62,-0.083333,"SHAREHOLDER ALERT: Levi &amp; Korsinsky, LLP Notifies Shareholders of an Investigation Concerning Possible Breaches of Fiduciary Duty by Certain Officers and Directors of Apartment Investment and Management Company-AIV",-0.7
AIV,2020-12-16,4.62,-0.083333,Why Apartment and Investment Management Stock Plunged 86% at the Open Today,-0.85
AIV,2020-12-16,4.62,-0.083333,Aimco Completes Separation of Apartment Income REIT Corp.,0.41
AIV,2020-12-11,40.58,-0.004904,Is EGP A Good Stock To Buy Now?,0.29
AIV,2020-12-04,41.28,0.001456,"Aimco (AIV) Rejects Takeover Bid, Remains on Track With Spin-Off",0.04
AIV,2020-12-04,41.28,0.001456,Park Towne Place Goes Virtual with Award-Winning Art Programming,0.23
AIV,2020-12-03,41.22,0.015271,Aimco Confirms It Received a Conditional Non-Binding Indication of Interest That is Grossly Inadequate and Will Proceed with the Separation of AIR and Aimco,-0.41
AIV,2020-10-09,36.76,0.000544,Students in Affordable Housing Receive Scholarships from Aimco and NLHA,0.2
AIV,2020-09-22,34.75,0.049215,"Aimco Cares Charity Golf Classic Raises $340,000 for Military Causes, Scholars and Local Nonprofits",0.12
AIV,2020-07-15,38.18,0.008452,"In Third Consecutive Win, Aimco Receives Association for Talent Development BEST Award",0.63
AIV,2020-06-05,42.21,0.05525,Aimco Earns Eighth Denver Post Top Workplace Award,0.51
ALF,2021-06-24,12.85,0.069942,"Alfi Inc shares set to fall from record highs, 'meme stock' Torchlight sinks",-0.66
ALF,2021-06-23,12.01,-0.262738,"Alfi Inc shares more than double, other 'meme stocks' mixed",0.74
ALF,2021-06-22,16.29,1.088462,"As Alfi (ALF) Stock Goes Parabolic, CEO Says ""We're Swinging for the Fences""",0.82
ALKS,2021-07-01,24.9,0.015498,Alkermes Presented New Data Analysis on Healthcare Resource Use Among Veterans With Alcohol Dependence,0.29
ALKS,2021-06-30,24.52,0.009054,When Will Alkermes plc (NASDAQ:ALKS) Breakeven?,-0.07
ALKS,2021-06-25,24.13,-0.015905,"Alkermes Announces Former Professional Baseball Player, CC Sabathia, as Spokesperson for Alcohol Dependence Awareness Campaign",0.21
ALKS,2021-06-14,24.72,-0.012385,Forget Biogen: These 2 Under-the-Radar Biotechs Are Also Celebrating Breakthroughs,0.65
ALKS,2021-06-04,23.08,0.000433,Alkermes to Take Part in the Goldman Sachs Annual Global Healthcare Conference,0.18
ALKS,2021-06-03,23.07,-0.009871,"Biotech Stock Roundup: MRNA COVID-19 Vaccine Update, Drug Approvals for ALKS, MYOV &amp; More",0.62
ALKS,2021-06-03,23.07,-0.009871,"Alkermes' (ALKS) Schizophrenia, Bipolar I Disorder Drug Approved",0.76
ALKS,2021-06-02,23.3,0.006479,UPDATE 1-Alkermes schizophrenia drug gets U.S. FDA approval,0.76
ALKS,2021-06-02,23.3,0.006479,Alkermes Announces FDA Approval of LYBALVI™ for the Treatment of Schizophrenia and Bipolar I Disorder,0.76
ALKS,2021-06-01,23.15,0.021173,Where Does the Street Stand on Alkermes Ahead of the Lybalvi PDUFA Date?,0.41
ALKS,2021-05-21,22.19,0.012318,Alkermes Announces the Appointment of Emily Peterson Alva to its Board of Directors,0.23
ALKS,2021-05-14,22.26,0.000899,"Alkermes Announces 2021 Alkermes Inspiration Grants® Program to Support Innovative Programs Focused on People Affected by Addiction, Serious Mental Illness or Cancer",0.16
ALKS,2021-05-06,22.01,-0.001814,Alkermes to Take Part in the BofA Securities 2021 Virtual Healthcare Conference,0.17
ALKS,2021-05-04,22.3,0.007682,Alkermes to Showcase Data From Psychiatry Portfolio at Upcoming Scientific Conferences Throughout Mental Health Awareness Month,0.41
ALKS,2021-04-30,22.005,0.010331,Alkermes PLC (ALKS) Q1 2021 Earnings Call Transcript,0.0
ALKS,2021-04-30,22.005,0.010331,"Alkermes' (ALKS) Q1 Earnings Rise Y/Y, Revenues Beat Estimates",0.76
ALKS,2021-04-29,21.78,0.000459,Alkermes (ALKS) Q1 Earnings and Revenues Beat Estimates,0.76
ALKS,2021-04-29,21.78,0.000459,Alkermes Announces Two Abstracts Accepted for Presentation at 2021 American Society of Clinical Oncology Annual Meeting,0.51
ALKS,2021-04-29,21.78,0.000459,Alkermes plc Reports First Quarter 2021 Financial Results,0.12
ALKS,2021-04-29,21.78,0.000459,Alkermes Plc to Host Earnings Call,0.21
ALKS,2021-04-28,21.77,-0.032444,Alkermes Launches New Disease State Website to Offer Education About Alcohol Dependence,0.24
ALKS,2021-04-28,21.77,-0.032444,Alkermes Initiates ARTISTRY-6 Trial of Nemvaleukin Alfa Monotherapy in Patients With Melanoma,0.52
ALKS,2021-04-22,20.92,0.020488,Alkermes to Host Conference Call to Discuss First Quarter 2021 Financial Results,0.09
ALKS,2021-04-21,20.5,0.016865,Alkermes Presents New Data From Psychiatry Portfolio at Virtual 2021 Congress of the Schizophrenia International Research Society,0.51
ALKS,2021-04-21,20.5,0.016865,IS AQUA Stock A Buy or Sell?,0.16
ALKS,2021-04-15,19.77,0.028081,Is ALKS Stock A Buy or Sell?,0.07
ALKS,2021-04-09,19.02,-0.001575,Alkermes (ALKS) Inks Deal With Merck for Ovarian Cancer Study,0.64
ALKS,2021-04-08,19.05,-0.001049,Alkermes Announces Clinical Trial Collaboration and Supply Agreement With MSD to Evaluate Nemvaleukin Alfa in Combination With KEYTRUDA® in Patients With Platinum-Resistant Ovarian Cancer,0.64
ALKS,2021-04-06,19.11,-0.007788,Is VG Stock A Buy or Sell?,-0.0
ALKS,2021-04-01,19.15,0.025161,An Intrinsic Calculation For Alkermes plc (NASDAQ:ALKS) Suggests It's 30% Undervalued,0.66
ALKS,2021-03-26,19.52,-0.014141,Alkermes to Take Part in Stifel's 3rd Annual CNS Day,0.22
ALKS,2021-03-26,19.52,-0.014141,Alkermes Investor Day to Focus on Scientific Progress and Value Creation Strategy,0.66
ALKS,2021-03-12,19.42,-0.00308,"The Daily Biotech Pulse: Contrasting COVID-19 Treatment Readouts From Roche, Vir, Delay In Kadmon's FDA Review, Alzheimer's Data From Prothena",-0.0
ALKS,2021-03-12,19.42,-0.00308,Alkermes Announces FDA Orphan Drug Designation for Nemvaleukin Alfa for Treatment of Mucosal Melanoma,0.67
ALKS,2021-03-10,19.2,-0.022901,"Lyra Therapeutics Reports Fourth Quarter and Full Year 2020 Financial Results, Provides Corporate Update",0.11
ALKS,2021-03-09,19.65,0.021841,"Alkermes, Inc. -- Moody's assigns Ba3 to Alkermes' term loan; stable outlook",0.51
ALKS,2021-03-05,19.28,0.058759,Alkermes to Hold Virtual Investor Day,0.21
ALKS,2021-02-19,19.58,-0.004069,Alkermes to Take Part in SVB Leerink 10th Annual Global Healthcare Conference,0.11
ALKS,2021-02-12,20.22,0.00999,Alkermes PLC (ALKS) Q4 2020 Earnings Call Transcript,0.17
ALKS,2021-02-12,20.22,0.00999,Why Alkermes' Q4 Results Were Better Than They Might Seem,0.33
ALKS,2021-02-12,20.22,0.00999,Alkermes (ALKS) Beats Q4 Earnings and Revenue Estimates,0.75
ALKS,2021-02-12,20.22,0.00999,"The Daily Biotech Pulse: DermTech Soars On Contract, Fluidigm Plunges On Earnings, Decision Day For Regeneron, Bioventus Debuts",0.01
ALKS,2021-02-12,20.22,0.00999,"Alkermes plc Reports Financial Results for the Fourth Quarter and Year Ended Dec. 31, 2020 and Provides Financial Expectations for 2021",0.51
ALKS,2021-02-10,22.93,-0.011638,"The Daily Biotech Pulse: Dynavax Poaches GSK Vaccine Exec, KalVista Jumps On Data Readout, Corcept Issues Negative Preannouncement",0.03
ALKS,2021-02-05,22.33,0.026195,Alkermes to Host Conference Call to Discuss Fourth Quarter and Year-End 2020 Financial Results,0.04
ALKS,2021-01-29,20.99,-0.009906,How To Trade Biotech Stocks: Can These Three Tips Help You Make More Profits?,0.08
ALKS,2021-01-26,21.69,-0.051596,BioCryst (BCRX) Wins Japanese Approval for HAE Drug Orladeyo,0.74
ALKS,2021-01-22,22.19,0.033535,Bristol Myers' (BMY) Opdivo Label Expansion Gets Priority Review,0.76
ALKS,2021-01-22,22.19,0.033535,Novo Nordisk (NVO) Files for Ozempic's Label Expansion in US,0.74
ALKS,2021-01-22,22.19,0.033535,AstraZeneca's (AZN) Enhertu Gets EU Nod for Breast Cancer,0.77
ALKS,2021-01-21,21.47,-0.036788,"The Daily Biotech Pulse: FDA Greenlights Merck's Heart Failure Drug, Histogen Hit With Clinical Hold, Aptorum Gets Nod For Commencing Human Study",0.62
ALKS,2021-01-15,22.37,0.016818,Marinus (MRNS) Gets Positive FDA Response for Ganaxolone Study,0.7
ALKS,2021-01-14,22.0,0.008249,"Regeneron (REGN), U.S. Government Ink Deal for COVID-19 Treatment",0.73
ALKS,2021-01-14,22.0,0.008249,"The Daily Biotech Pulse: Bausch Health Issues Positive Pre-Announcement, Acorda Streamlines Operations",0.41
ALKS,2021-01-13,21.82,-0.012223,Horizon (HZNP) Provides Preliminary 2020 Financial Results,0.43
ALKS,2021-01-12,22.09,0.029357,NuCana (NCNA) Looks Good: Stock Adds 5.7% in Session,0.53
ALKS,2021-01-07,20.585,0.055641,REGENXBIO (RGNX) Provides Update on RGX-314 &amp; Begins New Program,0.21
ALKS,2021-01-07,20.585,0.055641,Aerpio (ARPO) Seeks Strategic Options for Pipeline Programs,0.21
ALKS,2020-12-30,20.45,-0.014933,"The Daily Biotech Pulse: FDA Nod For Amphastar's Generic Glucagon, Arcturus Sinks On Vaccine Data, Decision Day For Osmotica",-0.01
ALKS,2020-12-29,20.76,-0.023059,Apellis' (APLS) Pipeline Candidate Pegcetacoplan Promising,0.7
ALKS,2020-12-18,22.0,0.015228,Is AXSM A Good Stock To Buy Now?,0.28
ALKS,2020-12-16,21.5,-0.027149,"The Daily Biotech Pulse: Mesoblast Releases Mixed Data, MediWound Jumps On Distribution Deal, Kezar Life Sciences Rallies On Index Inclusion, Opiant Gets BARA Funding",0.18
ALKS,2020-12-11,21.3,0.029981,Here's Why Alkermes Shares Jumped Higher Today,0.71
ALKS,2020-12-10,20.68,0.126975,Is PLMR A Good Stock To Buy Now?,0.24
ALKS,2020-11-11,17.61,-0.025996,Lyra Therapeutics Reports Third Quarter 2020 Financial Results and Provides Corporate Update,0.12
ALKS,2020-10-29,16.28,0.05783,Lyra Therapeutics Appoints Nancy L. Snyderman To Its Board of Directors,0.23
ALKS,2020-10-27,15.91,0.0,Trevena (TRVN) to Report Q3 Earnings: What's in the Cards?,0.44
ALKS,2020-02-06,19.13,-0.013918,Here's Why Alkermes Jumped Almost 11% Today,0.73
AMT,2021-07-01,270.32999,0.000703,1 Great Income Stock That Could Double Its Dividend,0.73
AMT,2021-06-24,264.14999,-0.000265,Here is What Hedge Funds Think About 3M Company (MMM),0.27
AMT,2021-06-24,264.14999,-0.000265,"Do Hedge Funds Love BlackRock, Inc. (BLK)?",0.38
AMT,2021-06-22,266.60999,-0.004221,Here's How Much a $1000 Investment in American Tower Made 10 Years Ago Would Be Worth Today,0.4
AMT,2021-06-18,265.94,-0.013246,American Tower (AMT) Gains As Market Dips: What You Should Know,0.41
AMT,2021-06-18,265.94,-0.013246,Is American Tower Corporation (REIT) (AMT) A Good Stock To Buy?,0.28
AMT,2021-06-18,265.94,-0.013246,American Tower (AMT) to Sell 10% in ATC Europe to Allianz Capital,0.51
AMT,2021-06-17,269.51001,0.015946,"Do Hedge Funds Love Airbnb, Inc. (ABNB)?",0.35
AMT,2021-06-17,269.51001,0.015946,Is American Express Company (AXP) A Good Stock To Buy?,0.37
AMT,2021-06-15,270.47,-0.001735,Hedge Funds Are Done Buying General Electric Company (GE),-0.43
AMT,2021-06-15,270.47,-0.001735,Is Goldman Sachs (GS) Going to Burn These Hedge Funds?,-0.04
AMT,2021-06-11,268.35001,-0.00912,American Tower Corporation to Present at the Credit Suisse 23rd Annual Communications Conference,0.12
AMT,2021-06-10,270.82001,0.014269,5 Stocks Set to Gain From the Ongoing 5G Boom,0.72
AMT,2021-06-04,265.28,0.007329,The 3 Safest REITs to Buy in June,0.68
AMT,2021-06-04,265.28,0.007329,American Tower Closes Latin American Tranche of Telxius Towers Acquisition,0.66
AMT,2021-06-03,263.35001,0.001597,American Tower (AMT) Closes Telxius Towers' Buyout in Europe,0.7
AMT,2021-06-03,263.35001,0.001597,"Telefonica (TEF) Sells Telxius' European Tower Division, Trims Debt",0.62
AMT,2021-06-03,263.35001,0.001597,20 Best Cities for Real Estate Investment,0.12
AMT,2021-06-02,262.92999,0.016862,American Tower sees newly-bought Telxius masts earning $280 million in 2021,0.7
AMT,2021-06-02,262.92999,0.016862,American Tower sees newly-bought Telxius masts earning $280 mln in 2021,0.74
AMT,2021-06-02,262.92999,0.016862,American Tower Closes First Tranche of Telxius Towers Acquisition,0.66
AMT,2021-05-28,255.46001,0.005313,American Tower Corporation Declares Quarterly Distribution,0.26
AMT,2021-05-28,255.46001,0.005313,Alpine (PINE) Taps Debt Market With $60M Unsecured Term Loan,-0.28
AMT,2021-05-27,254.11,-0.001375,2 Stocks With World-Class Dividends,0.61
AMT,2021-05-26,254.46001,0.004302,"Hey, Growth Investors, Here's a Dividend Stock You Might Love",0.46
AMT,2021-05-26,254.46001,0.004302,Top 10 Real Estate Billionaires in the World,0.03
AMT,2021-05-25,253.37,0.002334,Better Buy: AT&amp;T vs. American Tower,0.17
AMT,2021-05-24,252.78,0.011322,Worried About the Dogecoin Crash? Here Are 3 Safer Stocks to Buy Right Now,-0.1
AMT,2021-05-21,249.95,-0.003469,American Tower (AMT) Boosts Flexibility With Notes Offering,0.44
AMT,2021-05-20,250.82001,0.019428,"American Tower Corporation to Present at the J.P. Morgan 49th Annual Global Technology, Media and Communications Conference",0.27
AMT,2021-05-19,246.03999,-0.001258,American Tower Corporation Prices Senior Notes Offering,0.44
AMT,2021-05-14,246.75999,0.011311,"Brookfield, IFM Mull Bids For Singtel’s Australia Towers",0.62
AMT,2021-05-13,244.0,0.008431,"7 High Return, Low Risk Investments for Retirees",0.15
AMT,2021-05-12,241.96001,-0.021672,"The Zacks Analyst Blog Highlights: Nike, CVS Health, American Tower Corp, The Southern Co, American International Group and Parker-Hannifin Corp",0.17
AMT,2021-05-11,247.32001,-0.005229,"Top Stock Reports for Nike, CVS Health &amp; American Tower",0.29
AMT,2021-05-11,247.32001,-0.005229,Was The Smart Money Right About 3M Company (MMM)?,0.39
AMT,2021-05-07,247.49001,0.01422,3 Best REITs to Buy in May,0.73
AMT,2021-05-07,247.49001,0.01422,American Tower Corporation Prices Upsized Public Offering of Common Stock,-0.29
AMT,2021-05-06,244.02,-0.018423,American Tower Corporation Announces Proposed Public Offering of Common Stock,-0.1
AMT,2021-05-06,244.02,-0.018423,American Tower Partners with CDPQ in Europe,0.66
AMT,2021-05-04,248.88,-0.014024,Was The Smart Money Right About American Tower (AMT)?,0.39
AMT,2021-05-04,248.88,-0.014024,Was The Smart Money Right About Raytheon Technologies Corp (RTX)?,0.34
AMT,2021-04-30,254.77,0.017411,American Tower (AMT) Q1 FFO Beat Estimates,0.77
AMT,2021-04-30,254.77,0.017411,"American Tower (AMT) Q1 AFFO Beats Estimates, Revenues Lag",0.44
AMT,2021-04-30,254.77,0.017411,American Tower Corporation Reports First Quarter 2021 Financial Results,0.47
AMT,2021-04-30,254.77,0.017411,3 Stocks to Supplement Your Social Security Income,0.24
AMT,2021-04-30,254.77,0.017411,American Tower Corp. to Host Earnings Call,0.18
AMT,2021-04-30,254.77,0.017411,"Big Tech and Big Oil, GDP and Jobless Claims, Copper 10k? - What's Moving Markets",0.18
AMT,2021-04-29,250.41,-0.006112,Should You Buy American Tower (AMT) Ahead of Earnings?,0.45
AMT,2021-04-29,250.41,-0.006112,REITs: the Perfect Investment Asset for Biden’s Tax Plans?,-0.21
AMT,2021-04-27,252.49001,-0.001976,What's in the Cards for American Tower (AMT) in Q1 Earnings?,0.21
AMT,2021-04-27,252.49001,-0.001976,A Closer Look At American Tower Corporation (REIT)'s (NYSE:AMT) Impressive ROE,0.66
AMT,2021-04-23,254.03999,0.009939,Was The Smart Money Right About Piling Into Intuit Inc. (INTU)?,0.55
AMT,2021-04-22,251.53999,-0.002538,Were Hedge Funds Right About Piling Into ServiceNow Inc (NOW)?,0.45
AMT,2021-04-22,251.53999,-0.002538,Were Hedge Funds Right About Piling Into Sea Limited (SE)?,0.37
AMT,2021-04-19,248.53999,-0.000322,3 5G Stocks to Buy Before They Take Off Again,0.68
AMT,2021-04-19,248.53999,-0.000322,"Alaska Sold Berkshire Hathaway, Oracle Stock; Bought Wireless-Tower Shares",0.47
AMT,2021-04-08,241.11,-0.014711,American Tower Plans First Quarter 2021 Earnings Release and Conference Call,0.07
AMT,2021-04-08,241.11,-0.014711,"'Mad Money' Lightning Round: Ocugen, American Tower",0.37
AMT,2021-03-31,239.06,0.008054,"American Tower Corp. (AMT), A Top Detractor in Richie Capital’s Q4 Results",-0.63
AMT,2021-03-26,238.82001,0.051052,"Top Stock Reports for UnitedHealth, Sony &amp; American Tower",0.18
AMT,2021-03-26,238.82001,0.051052,American Tower (AMT) to Raise $1.38B With Senior Notes Offering,0.1
AMT,2021-03-25,227.22,0.000969,American Tower (AMT) Dips More Than Broader Markets: What You Should Know,-0.12
AMT,2021-03-25,227.22,0.000969,Is It Too Late to Buy American Tower (AMT) Stock?,0.36
AMT,2021-03-25,227.22,0.000969,Is 3M (MMM) Stock A Buy or Sell?,0.32
AMT,2021-03-24,227.0,-0.012399,Industrial real estate is ‘as strong as we’ve ever seen’: IRG CEO,0.64
AMT,2021-03-24,227.0,-0.012399,Is American Tower (AMT) Stock A Buy or Sell?,0.28
AMT,2021-03-24,227.0,-0.012399,A Look Into American Tower's Debt,-0.37
AMT,2021-03-22,225.83,0.017894,Is Raytheon (RTX) Stock A Buy or Sell?,0.19
AMT,2021-03-22,225.83,0.017894,Is ServiceNow (NOW) Stock A Buy or Sell?,0.23
AMT,2021-03-19,221.86,-0.002921,American Tower (AMT) Stock Moves -0.3%: What You Should Know,-0.08
AMT,2021-03-17,223.17,0.001481,The Top Holdings of the Decade's Top-Performing Gurus,0.51
AMT,2021-03-17,223.17,0.001481,"American Tower (AMT) Inks Lease With DISH for 20,000 Towers",0.74
AMT,2021-03-17,223.17,0.001481,Is Shopify (SHOP) Stock A Buy or Sell?,0.35
AMT,2021-03-16,222.84,0.019909,3 Best REITs to Buy Right Now,0.74
AMT,2021-03-16,222.84,0.019909,"Following Its Sharp Slide, American Tower Could Begin To Bounce Back",0.51
AMT,2021-03-16,222.84,0.019909,This is Why American Tower (AMT) is a Great Dividend Stock,0.73
AMT,2021-03-16,222.84,0.019909,American Tower Inks Long-Term Master Lease Agreement With DISH,0.76
AMT,2021-03-16,222.84,0.019909,American Tower and DISH Announce Long-Term Master Lease Agreement,0.74
AMT,2021-03-15,218.49001,0.015288,Want Income and Growth? Consider American Tower,0.64
AMT,2021-03-12,215.2,0.006078,"'Halftime Report' Traders Share Their Thoughts On ViacomCBS, General Electric And More",0.03
AMT,2021-03-12,215.2,0.006078,"American Tower Corporation Appoints Sanjay Goel as Executive Vice President and President, Asia-Pacific",0.44
AMT,2021-03-04,201.19,-0.008477,American Tower Corporation to Present at the Citi 2021 Virtual Global Property CEO Conference,0.18
AMT,2021-03-04,201.19,-0.008477,"American Tower Corporation to Present at the Deutsche Bank 29th Annual Media, Internet and Telecom Conference",0.18
AMT,2021-03-04,201.19,-0.008477,Welltower's (WELL) Seniors Housing Occupancy Slips in February,-0.35
AMT,2021-03-04,201.19,-0.008477,European telcos cash in on tower assets as high-cost 5G investment looms,0.41
AMT,2021-03-04,201.19,-0.008477,FOCUS-European telcos cash in on tower assets as high-cost 5G investment looms,0.41
AMT,2021-03-02,208.81,-0.023203,Vornado (VNO) Boosts Strength With $525M Loan Refinancing,0.62
AMT,2021-02-26,216.13,-0.038354,UPDATE 1-Telefonica in exclusive talks with investor for Brazil fibre unit,0.62
AMT,2021-02-26,216.13,-0.038354,American Tower Corporation Reports Fourth Quarter and Full Year 2020 Financial Results,0.12
AMT,2021-02-26,216.13,-0.038354,Telefonica seeks fibre partner like American Tower for Brazilian venture,0.51
AMT,2021-02-25,224.75,-0.000133,American Tower Corporation to Present at the Raymond James 42nd Annual Institutional Investors Conference,0.17
AMT,2021-02-25,224.75,-0.000133,"American Tower Corporation to Present at the Morgan Stanley Technology, Media &amp; Telecom Conference",0.21
AMT,2021-02-24,224.78,0.007214,"American Tower Shares Can Rally 90%, Says Portfolio Manager",0.74
AMT,2021-02-23,223.17,-0.008442,How Top Real Estate Fund Managers Are Preparing for a Post-Covid World,0.42
AMT,2021-02-05,232.99001,0.003402,2021 Outlook: Data Center REITs,0.42
AMT,2021-02-05,232.99001,0.003402,Telefonica’s M&amp;A Plan Leaves CEO With No Room for Error,-0.41
AMT,2021-02-03,232.31,-0.016261,2 Cell Tower REITs Generating a Buy Signal,0.62
AMT,2021-01-28,228.31,-0.003274,15 Biggest Real Estate Companies in the World,0.12
AMT,2021-01-28,228.31,-0.003274,Where Will SBA Communications Be in 3 Years?,0.39
AMT,2021-01-14,214.99001,-0.006791,Why Shares of Telefonica Are Up Today,0.62
AMT,2021-01-14,214.99001,-0.006791,AST CEO Avellan Wants to Go Where No Broadband Has Been Before,0.66
AMT,2021-01-12,214.91,-4.7e-05,The 4 Best 5G Penny Stocks Right Now,0.74
AMT,2020-10-20,243.8,0.017529,"Sprint Communications, Inc. -- Moody's assigns Baa3 to T-Mobile's proposed senior secured notes",0.44
ANET,2021-06-29,363.76001,0.002591,"Should I Avoid Zscaler, Inc. (ZS)?",-0.32
ANET,2021-06-24,363.5,-0.003044,"Is Arista Networks, Inc.'s (NYSE:ANET) Stock's Recent Performance Being Led By Its Attractive Financial Prospects?",0.63
ANET,2021-06-16,367.85999,0.016918,Hedge Funds Are Cashing Out Of Slack Technologies Inc (WORK),-0.53
ANET,2021-06-15,361.73999,-0.00866,Hedge Funds Aren’t Crazy About PG&amp;E Corporation (PCG) Anymore,-0.43
ANET,2021-06-08,354.72,0.006269,Arista Networks Stock Switches Into Leadership Mode With Rating Upgrade,0.74
ANET,2021-06-04,350.32001,0.018757,Arista Networks (ANET) Up 5.5% Since Last Earnings Report: Can It Continue?,0.61
ANET,2021-05-28,339.38,0.006704,Ruane Cunniff's Top 1st-Quarter Trades,0.29
ANET,2021-05-28,339.38,0.006704,2 Cloud Computing Stocks to Buy After Strong Earnings,0.73
ANET,2021-05-25,338.29999,0.005469,"A Look At The Intrinsic Value Of Arista Networks, Inc. (NYSE:ANET)",0.3
ANET,2021-05-21,332.13,-0.011312,Thursday Morning Market Highlights,0.07
ANET,2021-05-20,335.92999,0.038199,Hedge Fund Picks at Sohn 2020 Show Perils of Pandemic Investing,-0.01
ANET,2021-05-19,323.57001,-0.006479,Arista Networks Launches Sub 100ns Ultra-low Latency Switch for Financial Services,0.64
ANET,2021-05-11,326.73999,0.001655,Was The Smart Money Right About Wayfair Inc (W)?,0.23
ANET,2021-05-11,326.73999,0.001655,Was The Smart Money Right About Piling Into Enphase Energy Inc (ENPH)?,0.52
ANET,2021-05-11,326.73999,0.001655,Why Microsoft Is Crucial for Arista Networks,0.66
ANET,2021-05-07,328.51999,0.00385,"Company News for May 6, 2021",0.04
ANET,2021-05-06,327.26001,0.033213,Why Arista Networks Stock Popped Today,0.74
ANET,2021-05-06,327.26001,0.033213,Arista (ANET) Q1 Earnings Beat Estimates on Top-Line Growth,0.76
ANET,2021-05-06,327.26001,0.033213,Arista Networks (ANET) Q1 2021 Earnings Call Transcript,0.0
ANET,2021-05-05,316.73999,0.036656,Arista Networks (ANET) Q1 Earnings and Revenues Top Estimates,0.76
ANET,2021-05-05,316.73999,0.036656,"Arista Networks stock rallies as results, outlook beat Street",0.73
ANET,2021-05-05,316.73999,0.036656,"Arista Networks, Inc. Reports First Quarter 2021 Financial Results",0.44
ANET,2021-05-05,316.73999,0.036656,"Arista Networks, Inc. to Host Earnings Call",0.35
ANET,2021-05-05,316.73999,0.036656,Were Hedge Funds Right About Piling Into Etsy Inc (ETSY)?,0.45
ANET,2021-05-03,314.70999,-0.00146,Better Buy: Arista Networks vs. Cisco Systems,0.18
ANET,2021-04-23,318.64001,0.018572,What Makes Arista Networks (ANET) a New Buy Stock,0.73
ANET,2021-04-20,309.53,-0.016772,Is AVB Stock A Buy or Sell?,0.08
ANET,2021-04-09,315.54999,0.013815,Arista (ANET) Announces CloudVision 2021 for Enterprises,0.44
ANET,2021-04-08,311.25,0.011143,Is ANET Stock A Buy or Sell?,0.1
ANET,2021-04-08,311.25,0.011143,Arista Boosts Agility for Modern Enterprises,0.42
ANET,2021-04-07,307.82001,-0.000162,"Arista Networks to Announce Q1 2021 Financial Results on Tuesday, May 4th 2021",0.04
ANET,2021-04-01,308.04001,0.020372,"The Zacks Analyst Blog Highlights: Cisco Systems, Arista Networks, Juniper Networks and NETGEAR",0.19
ANET,2021-03-30,298.85999,-0.028698,Is Wayfair (W) Stock A Buy or Sell?,0.17
ANET,2021-03-26,311.26999,0.065993,The Arista Networks (NYSE:ANET) Share Price Is Up 356% And Shareholders Are Delighted,0.81
ANET,2021-03-24,284.45999,-0.005419,Is ETSY Stock A Buy or Sell?,0.17
ANET,2021-03-23,286.01001,-0.014608,Is Enphase Energy (ENPH) Stock A Buy or Sell?,0.21
ANET,2021-03-19,285.22,0.005004,2 Tech Stocks That Could Make You Rich,0.6
ANET,2021-03-10,272.09,-0.014274,Billionaire Michael Price’s Top 10 Stock Picks,0.4
ANET,2021-03-10,272.09,-0.014274,How Arista Networks (ANET) Stock Stands Out in a Strong Industry,0.62
ANET,2021-03-10,272.09,-0.014274,Looking for Tech Stocks? These 3 Are Great Buys,0.71
ANET,2021-03-05,273.06,0.006636,Arista (ANET) Boosts Awake Security Platform to Detect Threats,0.41
ANET,2021-03-04,271.26001,-0.027533,Arista Advances Zero Trust Security Strategy with Enhancements to AI-driven Awake Security Platform,0.64
ANET,2021-03-02,284.29999,-0.012642,Better Buy: Arista Networks vs. Juniper Networks,0.13
ANET,2021-03-02,284.29999,-0.012642,Arista Networks Correction Does Not Appear to Be Over,-0.47
ANET,2021-02-26,279.84,-0.001499,3 Top Tech Stocks to Buy for 2021 Amid a Global Hardware Shortage,0.71
ANET,2021-02-25,280.26001,-0.021302,Is Arista Networks Stock a Buy?,0.43
ANET,2021-02-24,286.35999,-0.002508,"US$344 - That's What Analysts Think Arista Networks, Inc. (NYSE:ANET) Is Worth After These Results",0.76
ANET,2021-02-23,287.07999,-0.017388,Why Arista Networks Stock Fell Today,-0.25
ANET,2021-01-28,309.37,0.012038,4 Telecom Stocks Likely to Outpace Q4 Earnings Estimates,0.64
ANET,2021-01-20,314.45001,-0.011039,What Makes U.S. Cellular (USM) a Promising Pick for Investors?,0.72
ANET,2021-01-20,314.45001,-0.011039,Here's Why NETGEAR (NTGR) is a Solid Pick for Investors,0.73
ANET,2021-01-19,317.95999,0.002807,"Turtle Beach (HEAR) Buys Neat Microphones, Enters the $2.3B Market",0.74
ANET,2021-01-08,306.12,0.034294,"Benzinga's Top Upgrades, Downgrades For January 7, 2021",0.18
ANET,2021-01-07,295.97,0.035331,3 High-Return Businesses With Robust Balance Sheets,0.66
ANET,2020-12-31,290.57001,0.005572,Telecom Records Major Buyouts in 2020: Does 2021 Hold Promise?,0.26
ANET,2020-12-21,287.26001,-0.001599,Is TCOM A Good Stock To Buy Now According To Hedge Funds?,0.36
ANET,2020-11-04,254.44,0.01984,"Arista Networks, Telenav: 5 Top Stock Gainers for Tuesday",0.7
ANET,2020-05-15,210.45,0.023639,Dow Jones Recovers Losses on Thursday,0.41
ATOM,2021-07-01,21.35,-0.004198,Where Do Hedge Funds Stand On Atomera Incorporated (ATOM)?,0.15
ATOM,2021-06-03,18.29,0.026951,"Atomera Appoints Industry Veteran, Licensing Expert Jeff Lewis to Lead Marketing and Business Development",0.52
ATOM,2021-05-26,17.52,0.061818,Atomera to Present at Stifel 2021 Virtual Cross Sector Insight Conference,0.32
ATOM,2021-05-05,15.84,0.038008,"Atomera, Inc: Atomera to Present at Upcoming Financial Conferences",0.33
ATOM,2021-04-30,16.64,-0.002398,Why Atomera Stock Got Destroyed Today,-0.68
ATOM,2021-04-30,16.64,-0.002398,Atomera Inc (ATOM) Q1 2021 Earnings Call Transcript,0.17
ATOM,2021-04-29,16.68,-0.247971,Atomera Provides First Quarter 2021 Results,0.33
ATOM,2021-04-16,20.42,-0.052436,"Atomera to Announce First Quarter 2021 Financial Results and Host Webinar on Wednesday, April 28, 2021",0.12
ATOM,2021-04-15,21.55,-0.06182,Atomera Appoints Sudarsan Srinivasan as Vice President of Engineering,0.36
ATOM,2021-03-19,26.26,0.066179,Do Institutions Own Atomera Incorporated (NASDAQ:ATOM) Shares?,-0.03
ATOM,2021-03-05,22.69,0.013852,"Atomera to Present in the Loop Capital 2021 Virtual TMT, Consumer, and Industrial Conference",0.24
ATOM,2021-03-03,25.27,-0.089041,Why Atomera Stock Jumped Today,0.71
ATOM,2021-03-03,25.27,-0.089041,"Atomera, Inc: Atomera Announces First Customer to Enter Phase 4",0.62
ATOM,2021-02-12,38.52,0.072085,Atomera Inc (ATOM) Q4 2020 Earnings Call Transcript,0.18
ATOM,2021-02-11,35.93,-0.138369,Recap: Atomera Q4 Earnings,0.61
ATOM,2021-02-11,35.93,-0.138369,Atomera Provides Fourth Quarter and Fiscal 2020 Results,0.23
ATOM,2021-01-28,29.92,0.038528,"Atomera to Announce Fourth Quarter and Fiscal Year 2020 Financial Results and Host Webinar on Wednesday, February 10, 2021",0.04
ATOM,2021-01-08,27.44,0.000729,Atomera to Present at the 23rd Annual Needham Virtual Growth Conference,0.32
ATOM,2021-01-06,22.97,0.052704,"Atomera, Inc: Atomera Completes $25 Million At-The-Market Equity Offering",0.62
ATOM,2021-01-06,22.97,0.052704,Why Atomera Stock Skyrocketed Today,0.73
ATOM,2021-01-06,22.97,0.052704,Atomera and Market Leading Semiconductor Company Sign Joint Development Agreement for Use of MST in Future Devices,0.76
ATOM,2020-12-09,9.9,-0.040698,We Think Atomera (NASDAQ:ATOM) Can Afford To Drive Business Growth,0.63
ATOM,2020-12-08,10.32,-0.029163,Atomera Announces Availability of MSTcad for Modeling Semiconductor Device Improvements with MST,0.43
ATOM,2020-12-03,9.83,0.006141,Atomera to Present at the LD Micro Virtual Main Event 2020 Conference,0.41
ATOM,2020-12-01,9.74,0.038379,"Where Do Hedge Funds Stand On Dyadic International, Inc. (DYAI)?",-0.14
ATOM,2020-11-10,9.8,0.053763,Atomera to Participate in 11th Annual Craig-Hallum Alpha Select Conference,0.24
ATOM,2020-10-30,8.15,-0.125536,Atomera Provides Third Quarter 2020 Results,0.34
ATOM,2020-10-30,8.15,-0.125536,"Atomera, Inc. to Host Earnings Call",0.21
ATOM,2020-10-16,9.82,-0.008081,"Atomera to Announce Financial Results and Host Third Quarter 2020 Conference Call &amp; Webcast on Thursday, October 29, 2020",0.07
ATOM,2020-10-16,9.82,-0.008081,"Atomera to Announce Financial Results and Host Third Quarter 2020 Conference Call & Webcast on Thursday, October 29, 2020",0.0
ATOM,2020-09-01,12.26,-0.035405,LD Micro: 360 Companies - Set to Present this Week,0.37
ATOM,2020-08-26,11.04,-0.027313,Atomera to Present at LD 500 Virtual Conference,0.21
ATOM,2020-08-06,12.5,0.087903,Atomera Provides Second Quarter 2020 Results,0.17
ATOM,2020-07-23,10.56,-0.037375,"Atomera to Announce Financial Results and Host Second Quarter 2020 Conference Call & Webcast on Wednesday, August 5, 2020",0.0
ATOM,2020-07-01,8.79,-0.023333,Atomera Added to Membership of Russell 2000® and 3000® Indexes,0.61
ATOM,2020-05-14,6.77,0.109836,Atomera Incorporated Prices Underwritten Public Offering of Common Stock,-0.01
ATOM,2020-05-13,6.1,-0.071537,Atomera Incorporated Announces Proposed Public Offering of Common Stock,0.43
ATOM,2020-05-01,5.23,-0.016917,Atomera Provides First Quarter 2020 Results,0.04
ATOM,2020-04-28,5.05,-0.028846,Atomera Announces Rescheduling of Annual Meeting of Stockholders,0.0
ATOM,2020-03-10,4.47,0.002242,Atomera to Present at 32nd Annual Roth Conference,0.21
ATOM,2020-02-13,4.9,-0.07197,Atomera Provides Fourth Quarter and Fiscal 2019 Results,0.11
ATOM,2020-01-30,4.32,-0.04,"Atomera Fourth Quarter and Fiscal Year 2019 Financial Results Conference Call and Webcast Scheduled for Wednesday, February 12, 2020",0.04
AUB,2021-05-27,41.07,0.01936,Why Atlantic Union (AUB) Stock Might be a Great Pick,0.54
AUB,2021-05-07,40.74,-0.001226,Atlantic Union Bank Ranked the Best in Customer Satisfaction with Retail Banking in the Mid-Atlantic Region by J.D. Power,0.67
AUB,2021-05-06,40.79,0.016953,Atlantic Union Bankshares Corporation Announces $125 million Share Repurchase Authorization; Declares an Increased Quarterly Common Stock Dividend and Declares Preferred Stock Dividend,0.64
AUB,2021-04-29,38.97,0.006977,Here's Why Atlantic Union Bankshares Corporation's (NASDAQ:AUB) CEO Compensation Is The Least Of Shareholders' Concerns,-0.09
AUB,2021-04-23,39.15,0.048474,Atlantic Union (AUB) Q1 Earnings Top Estimates,0.73
AUB,2021-04-23,39.15,0.048474,Atlantic Union Bankshares Reports First Quarter Results,0.43
AUB,2021-04-16,38.96,0.006979,Atlantic Union (AUB) Earnings Expected to Grow: Should You Buy?,0.62
AUB,2021-04-06,38.42,-0.011323,Atlantic Union Bankshares Corporation To Release First Quarter 2021 Results,0.19
AUB,2021-03-31,38.36,-0.005702,Top Ranked Income Stocks to Buy for March 30th,0.48
AUB,2021-03-16,39.91,-0.007461,"Atlantic Union Bankshares' (AUB) Shares March Higher, Can It Continue?",0.32
AUB,2021-03-02,37.17,-0.017447,Atlantic Union Bank Rebrands Wealth Management Division to Atlantic Union Bank Wealth Management,0.18
AUB,2021-01-29,32.84,-0.022328,Atlantic Union Bankshares Corporation Declares Quarterly Common Stock Dividend and Preferred Stock Dividend,0.33
AUB,2021-01-27,33.47,-0.028729,Atlantic Union Bankshares Corporation (AUB) Q4 2020 Earnings Call Transcript,0.0
AUB,2021-01-27,33.47,-0.028729,Atlantic Union (AUB) Tops Q4 Earnings and Revenue Estimates,0.72
AUB,2021-01-27,33.47,-0.028729,Atlantic Union Bankshares: Q4 Earnings Insights,0.61
AUB,2021-01-27,33.47,-0.028729,Atlantic Union Bankshares Reports Fourth Quarter and Fiscal Year 2020 Results,0.31
AUB,2021-01-27,33.47,-0.028729,Atlantic Union Bankshares Corp. to Host Earnings Call,0.12
AUB,2021-01-26,34.46,-0.049641,Atlantic Union Bankshares's Earnings Outlook,0.68
AUB,2021-01-26,34.46,-0.049641,County Bancorp (ICBK) Jumps: Stock Rises 7.9%,0.53
AUB,2021-01-26,34.46,-0.049641,Esquire Financial Holdings (ESQ) Surges: Stock Moves 6.4% Higher,0.62
AUB,2021-01-06,36.38,0.104432,Atlantic Union Bankshares Corporation To Release Fourth Quarter and Fiscal Year 2020 Results,0.11
AUB,2020-12-23,32.72,0.033481,Is GNW A Good Stock To Buy According To Hedge Funds?,0.3
AUB,2020-12-15,33.53,0.030424,Is TAC A Good Stock To Buy Now?,0.25
AUB,2020-12-14,32.54,-0.006109,Is AUB A Good Stock To Buy Now?,0.16
AUB,2020-11-19,30.11,-0.01537,Moving Average Crossover Alert: Atlantic Union Bankshares Corp (AUB),0.39
AUB,2020-10-23,26.6,0.010254,Atlantic Union Bankshares Reports Third Quarter Results,0.21
AUB,2020-10-08,24.97,0.013393,Do Hedge Funds Love Hancock Whitney Corporation (HWC)?,0.2
AUB,2020-10-07,24.64,0.024958,Atlantic Union Bankshares Corporation To Release Third Quarter 2020 Results,0.04
AUB,2020-09-02,23.49,-0.002548,Atlantic Union Bankshares Corporation To Present at Barclays Financial Services Conference,0.09
AUB,2020-07-29,23.6,0.019438,Did Hedge Funds Make The Right Call On Hancock Whitney Corporation (HWC) ?,0.0
AUB,2020-07-24,23.58,-0.008827,Atlantic Union Bankshares Reports Second Quarter Results,0.11
AUB,2020-07-08,20.21,-0.032551,Atlantic Union Bankshares Corporation to Release Second Quarter 2020 Results,0.09
AUB,2020-06-23,22.76,-0.024641,Here is What Hedge Funds Think About Hancock Whitney Corporation (HWC),-0.15
AUB,2020-06-10,24.64,-0.075422,Atlantic Union Bankshares Corporation Announces Closing of $172.5 Million Preferred Stock Depositary Share Offering,0.64
AUB,2020-06-03,24.16,0.038693,Atlantic Union Bankshares Corporation Prices $150 Million Preferred Stock Depositary Share Offering,0.41
AUB,2020-05-06,20.505,-0.069646,Atlantic Union Bankshares Corporation Declares Quarterly Dividend,0.26
AUB,2020-05-01,22.46,-0.05907,"Atlantic Union Bank Helps 10,000 Small Businesses Receive $1.7 Billion Through the SBA Paycheck Protection Program",0.7
AUB,2020-04-17,22.09,0.116785,Atlantic Union Bank Able to Help Thousands of Small Businesses through SBA Paycheck Protection Program,0.7
AUB,2020-04-08,23.52,0.105263,Atlantic Union Bankshares Corporation To Release First Quarter 2020 Results,0.04
AUB,2020-04-07,21.28,-0.015271,Atlantic Union Bank Provides Update on SBA Paycheck Protection Program,0.13
AUB,2020-01-22,35.495,-0.002949,Atlantic Union Bankshares Reports Fourth Quarter and Full Year Results,0.18
AUB,2020-01-08,36.78,0.003,Atlantic Union Bankshares Corporation To Release Fourth Quarter and Full Year 2019 Results,0.18
AXSM,2021-06-29,69.66,-0.038642,"How Many Axsome Therapeutics, Inc. (NASDAQ:AXSM) Shares Do Institutions Own?",0.09
AXSM,2021-06-24,70.51,0.011912,Ditch Dogecoin: These 3 Stocks Could Double Your Money,0.59
AXSM,2021-06-17,66.54,0.01402,Axsome (AXSM) Plans NDA Filing for Fibromyalgia Drug in 2022,0.7
AXSM,2021-06-16,65.62,-0.023657,Axsome Therapeutics Targets Submission Of US Application For Fibromyalgia Candidate By 2022,0.71
AXSM,2021-06-16,65.62,-0.023657,Axsome Therapeutics Announces Planned NDA Submission for AXS-14 for the Management of Fibromyalgia,0.7
AXSM,2021-06-10,67.57,0.064094,Why Is Axsome (AXSM) Up 14.7% Since Last Earnings Report?,0.74
AXSM,2021-05-12,57.01,-0.000351,"Axsome's (AXSM) Q1 Earnings Top, AXS-05 Launch in Focus",0.74
AXSM,2021-05-11,57.03,0.048538,"Axsome Therapeutics, Inc. (AXSM) Q1 2021 Earnings Call Transcript",0.17
AXSM,2021-05-11,57.03,0.048538,Axsome Therapeutics Reports First Quarter 2021 Financial Results and Provides Business Update,0.07
AXSM,2021-05-11,57.03,0.048538,"Axsome Therapeutics, Inc. to Host Earnings Call",0.22
AXSM,2021-05-10,54.39,-0.045119,"The Week Ahead In Biotech (May 9-15): Heron, Apellis FDA Decisions, Presentations and Earnings",0.18
AXSM,2021-04-29,61.78,0.034148,3 Biotech Stocks That Could Be Millionaire-Makers,0.68
AXSM,2021-04-28,59.74,-0.010763,"Axsome Therapeutics to Report First Quarter 2021 Financial Results on May 10, 2021",0.18
AXSM,2021-04-27,60.39,0.028615,Why Axsome Therapeutics Stock Is Jumping Today,0.74
AXSM,2021-04-27,60.39,0.028615,FDA Begins Priority Review of Axsome Therapeutics' Potential New Depression Drug,0.73
AXSM,2021-04-27,60.39,0.028615,Axsome Therapeutics Stock Jumps As FDA Accepts AXS-05 Application In Major Depressive Disorder,0.74
AXSM,2021-04-27,60.39,0.028615,Axsome Therapeutics Announces FDA Acceptance and Priority Review of New Drug Application for AXS-05 for Treatment of Major Depressive Disorder,0.74
AXSM,2021-04-23,52.89,0.000378,Alzheimer's Disease: 5 Stocks on Biotech Radars,0.33
AXSM,2021-04-23,52.89,0.000378,NASDAQ Jumps Over 1% as Stocks Snap Two-Day Skid,0.62
AXSM,2021-04-20,50.63,-0.025034,Is TGNA Stock A Buy or Sell?,0.14
AXSM,2021-04-14,53.55,0.035583,"The Daily Biotech Pulse: Leadership Transition At Amarin, Vaccine Setback For J&amp;J, FDA Nod For Label Expansion of Roche's Asthma Drug",-0.07
AXSM,2021-04-01,57.5,0.015542,Why Is Axsome (AXSM) Down 19.9% Since Last Earnings Report?,-0.65
AXSM,2021-03-31,56.62,0.012699,"Read This Before Selling Axsome Therapeutics, Inc. (NASDAQ:AXSM) Shares",0.0
AXSM,2021-03-12,66.49,-0.014671,1 Green Flag for Axsome Therapeutics,0.62
AXSM,2021-03-03,70.18,0.006021,"Axsome's (AXSM) Q4 Earnings Miss Estimates, Pipeline in Focus",-0.43
AXSM,2021-03-02,69.76,0.008093,"Axsome Therapeutics, Inc. (AXSM) Q4 2020 Earnings Call Transcript",0.0
AXSM,2021-03-02,69.76,0.008093,Axsome Therapeutics Reports Fourth Quarter and Full Year 2020 Financial Results and Provides Business Update,0.2
AXSM,2021-02-17,72.02,-0.036006,"Axsome Therapeutics to Report Fourth Quarter and Full Year 2020 Financial Results on March 1, 2021",0.07
AXSM,2021-02-11,73.7,-0.017333,Forget Bitcoin: This Biotech Stock Is a Better Buy in 2021,0.72
AXSM,2021-01-28,69.84,0.009686,Is It Too Late to Get In On This Millionaire-Making Stock?,0.61
AXSM,2021-01-08,77.71,-0.001285,Implied Volatility Surging for Axsome Therapeutics (AXSM) Stock Options,0.39
AXSM,2021-01-05,78.58,-0.035118,Axsome's (AXSM) Migraine Drug Shows Long-Term Safety in Study,0.66
AXSM,2020-12-31,81.47,-0.021499,"What Kind Of Shareholders Hold The Majority In Axsome Therapeutics, Inc.'s (NASDAQ:AXSM) Shares?",0.08
AXSM,2020-12-09,78.4,-0.052568,"The Daily Biotech Pulse: ASH Presentations, Axsome's Positive Midstage Readout, Follow-On Offerings",0.31
AXSM,2020-12-09,78.4,-0.052568,Axsome Therapeutics Announces Positive Results from the COMET-SI Trial of AXS-05 in Patients with Major Depressive Disorder Who Have Suicidal Ideation,0.76
AXSM,2020-12-03,77.15,0.043131,"The Daily Biotech Pulse: Pfizer-BioNTech Vaccine Gets Temporary UK Authorization, Ovid's Trial Disappointment, Vanda Snags FDA Nod",0.61
AXSM,2020-12-03,77.15,0.043131,Axsome Therapeutics Announces Positive Results from the COMET-TRD Trial of AXS-05 in Patients with Treatment Resistant Depression,0.74
AXSM,2020-12-02,73.96,0.035129,Axsome Therapeutics Announces Positive Efficacy and Safety Results from Phase 3 COMET Long-Term Trial and COMET-AU Trial of AXS-05 in Major Depressive Disorder,0.74
AXSM,2020-11-06,67.46,-0.029492,Axsome Therapeutics Reports Third Quarter 2020 Financial Results and Provides Business Update,0.11
AXSM,2020-11-05,69.51,-0.069851,Axsome Therapeutics and Veeva Systems Partner  to Build Axsome’s Digital-Centric Commercialization™ Platform,0.51
AXSM,2020-11-04,74.73,0.076181,Axsome Therapeutics to Present Data from the ADVANCE-1 Trial of AXS-05 in Alzheimer’s Disease Agitation at the 13th Clinical Trials on Alzheimer’s Disease (CTAD) Conference,0.51
AXSM,2020-10-29,68.03,0.01386,"Axsome Therapeutics to Report Third Quarter 2020 Financial Results on November 5, 2020",0.1
AXSM,2020-09-30,71.25,-0.01425,Axsome Therapeutics Announces $225 Million Term Loan Facility with Hercules Capital,0.62
AXSM,2020-09-25,77.02,0.014355,"The Daily Biotech Pulse: Gilead's $7.25B Debt Offering, Lexicon Deleverages, Taysha Gene Therapies Prices IPO",0.22
AXSM,2020-09-25,77.02,0.014355,Axsome Therapeutics Presents New Data from MOMENTUM Phase 3 Trial with AXS-07 Demonstrating Rapid Onset of Action and Reduced Symptom Recurrence in the Acute Treatment of Migraine,0.74
AXSM,2020-09-24,75.93,-0.021394,"The Daily Biotech Pulse: Coronavirus Vaccine Updates From J&amp;J &amp; MediciNova, Australian Regulatory Nod For GW Pharma",0.42
AXSM,2020-09-22,81.27,0.031476,Axsome Therapeutics Announces Expedited Development of AXS-12 for the Treatment of Narcolepsy Based on FDA Breakthrough Therapy Meeting,0.72
AXSM,2020-09-18,81.65,0.032499,Axsome Therapeutics Announces AXS-07 Phase 3 Migraine Trial Results Selected by the American Academy of Neurology Science Committee as Featured Presentation,0.72
AXSM,2020-09-15,81.26,-0.021612,Axsome Therapeutics Presents New Data from GEMINI Phase 3 Trial with AXS-05 Demonstrating Rapid and Significant Improvements in Patient-Reported Outcomes in Major Depressive Disorder,0.74
AXSM,2020-09-11,73.03,0.0,Axsome Therapeutics to Present New Data for AXS-05 in Major Depressive Disorder at the 33rd European College of Neuropsychopharmacology Congress,0.62
AXSM,2020-09-09,72.39,0.040236,Axsome Therapeutics to Present at the Morgan Stanley 18th Annual Global Healthcare Conference,0.21
AXSM,2020-09-01,72.5,-0.011049,Axsome Therapeutics Confirms Pivotal Status and Advancement of AXS-05 for the Treatment of Alzheimer’s Disease Agitation Based on Successful FDA Breakthrough Therapy Meeting,0.73
AXSM,2020-08-21,77.57,-0.031948,Axsome Therapeutics Completes Successful FDA Pre-NDA Meeting for AXS-07 for the Acute Treatment of Migraine,0.7
AXSM,2020-08-11,77.62,-0.050984,Axsome Therapeutics Reports Second Quarter 2020 Financial Results and Provides Business Update,0.2
AXSM,2020-08-11,77.62,-0.050984,Axsome Therapeutics Announces Further Progress in AXS-05 Depression Clinical Program,0.64
AXSM,2020-08-06,78.04,0.030775,Axsome Therapeutics Receives FDA Breakthrough Therapy Designation for AXS-12 for the Treatment of Narcolepsy,0.76
AXSM,2020-07-31,71.33,-0.043834,"Axsome Therapeutics to Report Second Quarter 2020 Financial Results on August 10, 2020",0.18
AXSM,2020-07-14,79.42,0.034923,Axsome Therapeutics Completes Successful FDA Pre-NDA Meeting for AXS-05 for the Treatment of Major Depressive Disorder,0.76
AXSM,2020-05-27,78.45,0.023216,Axsome Therapeutics to Host 2020 Annual Meeting of Stockholders Virtually,0.04
AXSM,2020-05-01,90.13,-0.051563,"Axsome Therapeutics to Report First Quarter 2020 Financial Results on May 8, 2020",0.13
AXSM,2020-04-28,96.35,0.014211,Axsome Therapeutics Announces AXS-05 Achieves Primary Endpoint in the ADVANCE-1 Pivotal Phase 2/3 Trial in Alzheimer’s Disease Agitation,0.73
AXSM,2020-04-07,49.87,-0.068721,Axsome Therapeutics Announces AXS-07 Achieves Both Co-Primary Endpoints and Prevents Migraine Pain Progression in the INTERCEPT Phase 3 Trial in the Early Treatment of Migraine,0.74
AXSM,2020-03-31,58.83,0.021709,Axsome Therapeutics Announces Topline Results of the STRIDE-1 Phase 3 Trial in Treatment Resistant Depression and Expert Call to Discuss Clinical Implications,0.64
AXSM,2020-03-13,61.24,-0.054646,Axsome Therapeutics Reports Fourth Quarter and Full Year 2019 Financial Results and Provides Business Update,0.18
AXSM,2020-03-06,83.7,-0.052632,Axsome Therapeutics Announces the Promotion of Mark Jacobson to Chief Operating Officer,0.23
AXSM,2020-03-05,88.35,-0.020184,"Axsome Therapeutics to Report Fourth Quarter and Full Year 2019 Financial Results on March 12, 2020",0.09
AXSM,2020-02-21,91.13,-0.015768,Axsome Therapeutics Completes Patient Enrollment in the INTERCEPT Phase 3 Trial of AXS-07 in the Early Treatment of Migraine,0.66
AXSM,2020-01-23,87.76,0.002857,Axsome Therapeutics Completes Patient Randomization in the STRIDE-1 Phase 3 Trial of AXS-05 in Treatment Resistant Depression,0.62
AXSM,2020-01-14,90.49,0.024802,Axsome Therapeutics Enters into Exclusive License Agreement with Pfizer Inc. for Pfizer’s Reboxetine Clinical and Nonclinical Data and for New Phase 3 Esreboxetine Product Candidate,0.74
AYRO,2021-06-29,5.2,0.042084,15 Best Very Cheap Stocks to Buy Right Now,0.54
AYRO,2021-06-24,4.93,-0.021825,Where Do Hedge Funds Stand On vTv Therapeutics Inc (VTVT)?,0.13
AYRO,2021-06-15,5.21,-0.044037,Where Do Hedge Funds Stand On National Bankshares Inc. (NKSH)?,0.33
AYRO,2021-06-11,5.45,0.040076,Gallery Carts Brings More Electric Vehicle Food Service and Retail Solutions to Colleges through OnCampus Brands Partnership,0.64
AYRO,2021-06-09,5.7,0.02518,AYRO Receives $2 Million Purchase Order for New Club Car Current EV Following Launch,0.73
AYRO,2021-06-08,5.56,-0.003584,"AYRO to Present at the LD Micro Virtual Invitational on June 9, 2021",0.41
AYRO,2021-05-14,4.37,0.120513,AYRO Announces First Quarter 2021 Financial Results and Provides Corporate Update,0.2
AYRO,2021-05-14,4.37,0.120513,AYRO Inc to Host Earnings Call,0.13
AYRO,2021-04-21,4.69,0.012959,Here's Why We're Not Too Worried About Ayro's (NASDAQ:AYRO) Cash Burn Situation,0.38
AYRO,2021-04-16,4.87,-0.039448,"AYRO to Participate on EV Panel at the Benzinga Cleantech Small Cap Conference and Present to Investors on April 22, 2021",0.31
AYRO,2021-04-01,6.58,0.015432,[Correction] AYRO Announces Year-End 2020 Financial Results and Provides Corporate Update,0.11
AYRO,2021-04-01,6.58,0.015432,AYRO Announces Year-End 2020 Financial Results and Provides Corporate Update,0.17
AYRO,2021-03-25,6.65,0.010638,"AYRO to Report Year-End 2020 Financial Results on Wednesday, March 31, 2021 and Provide Corporate Update",0.06
AYRO,2021-03-18,6.51,-0.065997,"AYRO Inc. Enters Agreement with Element Fleet Management, the World’s Largest Pure-Play Automotive Fleet Manager",0.73
AYRO,2021-03-12,7.0,-0.004267,AYRO to Present at Maxim Group’s Inaugural Emerging Growth Virtual Conference,0.41
AYRO,2021-03-09,6.37,0.111693,Industry-First Electric Vaccine Vehicle Launches to Expand Access to COVID-19 Vaccination and Testing,0.7
AYRO,2021-02-18,8.64,-0.03139,"Ayro, Inc.'s (NASDAQ:AYRO) Shift From Loss To Profit",0.73
AYRO,2021-02-12,9.91,0.062165,"AYRO, Inc. Announces $41,800,000 Registered Direct Offering Priced At-the-Market under Nasdaq Rules",-0.31
AYRO,2021-01-26,7.9,0.175595,AYRO Announces $20 Million Registered Direct Offering with Two Existing Investors,0.32
AYRO,2020-12-15,6.26,0.134058,CIBC announces changes to the CIBC Atlas Clean Energy Index,0.18
AYRO,2020-11-25,8.57,-0.014943,AYRO Closes $10.0 Million Registered Direct Offering,0.72
AYRO,2020-11-24,8.7,-0.179245,AYRO Announces $10.0 Million Registered Direct Offering Priced At-the-Market under Nasdaq Rules,-0.29
AYRO,2020-11-04,2.81,0.048507,"AYRO to Report Third Quarter 2020 Financial Results on Friday, November 6, 2020 and Provide Corporate Update",0.03
AYRO,2020-09-30,2.96,-0.066246,AYRO Inc. and Karma Automotive’s Innovation and Customization Center Announce Strategic Partnership,0.64
AYRO,2020-08-26,3.7,0.152648,AYRO Inc. Announces Investor Conference Participation Schedule for September 2020,0.18
AYRO,2020-07-22,4.83,-0.006173,"AYRO, Inc. Announces $9.25 Million Registered Direct Offering Priced At-the-Market under Nasdaq Rules",-0.27
AYRO,2020-07-07,5.93,0.108411,"AYRO, Inc. Announces $15 Million Registered Direct Offering",-0.4
AYRO,2020-06-18,2.69,0.003731,"AYRO, Inc. Announces $5.5 Million Registered Direct Offering",-0.41
BCML,2021-07-01,18.16,0.011699,Is Cedar Realty Trust Inc (CDR) A Good Stock To Buy?,0.29
BCML,2021-06-18,18.21,0.007748,Hedge Funds Are Selling Consolidated Water Co. Ltd. (CWCO),-0.43
BCML,2021-06-15,18.36,-0.001088,Is Lantern Pharma Inc. (LTRN) A Good Stock To Buy Now?,0.17
BCML,2021-06-14,18.38,-0.014477,Do Hedge Funds Love The Community Financial Corporation (TCFC)?,0.44
BCML,2021-04-23,18.24,0.022422,BayCom Corp Reports 2021 First Quarter Earnings of $4.5 Million,0.12
BCML,2021-02-23,16.72,0.07455,BayCom Corp Announces Adoption of Stock Repurchase Program,0.64
BCML,2021-01-29,14.7,-0.02,BayCom Corp Reports 2020 Fourth Quarter Earnings of $4.5 Million,0.31
BCML,2020-12-17,15.43,0.012467,Have Insiders Been Buying BayCom Corp (NASDAQ:BCML) Shares?,0.2
BCML,2020-12-03,15.09,-0.009192,Is Energous Corporation (WATT) A Good Stock To Buy Now?,0.16
BCML,2020-12-02,15.23,0.027665,New Strong Sell Stocks for December 1st,-0.72
BCML,2020-12-01,14.82,0.029167,Is Middlefield Banc Corp. (MBCN) A Good Stock To Buy?,-0.01
BCML,2020-12-01,14.82,0.029167,Do Hedge Funds Love Capital Product Partners L.P. (CPLP)?,0.34
BCML,2020-11-02,11.66,0.05045,Here's What BayCom Corp's (NASDAQ:BCML) Shareholder Ownership Structure Looks Like,0.04
BCML,2020-10-23,12.34,0.016474,BayCom Corp Reports 2020 Third Quarter Earnings of $3.2 Million,0.24
BCML,2020-09-18,11.6,0.022026,How Much Is BayCom's (NASDAQ:BCML) CEO Getting Paid?,-0.06
BCML,2020-08-11,11.43,0.011504,BayCom Corp Announces Closing of Subordinated Notes Offering,0.43
BCML,2020-08-07,10.56,0.007634,BayCom Corp Announces Pricing of Subordinated Notes Offering,0.18
BCML,2020-08-04,10.48,0.009634,BayCom's(NASDAQ:BCML) Share Price Is Down 53% Over The Past Year.,-0.63
BCML,2020-07-24,11.77,0.011168,Why Earnings Season Could Be Great for BayCom (BCML),0.73
BCML,2020-07-23,11.64,-0.04355,BayCom Corp Reports 2020 Second Quarter Earnings of $3.1 Million,0.27
BCML,2020-06-19,13.19,0.029664,"Trade Alert: The Independent Chairman of the Board Of BayCom Corp (NASDAQ:BCML), Lloyd Kendall, Has Just Spent US$150k Buying 14% More Shares",0.74
BCML,2020-06-05,14.06,0.027027,Natural Resource Partners LP (NRP): Hedge Funds Are Nibbling,0.41
BGFV,2021-06-14,28.91,-0.01027,Alexco Resource Corp. (AXU): Hedge Funds In Wait-and-See Mode,0.04
BGFV,2021-05-12,27.93,-0.089932,Why Big 5 Sporting Goods Is Plunging 14% Today,-0.69
BGFV,2021-05-12,27.93,-0.089932,"Pool Stock Heats Up, Sees Relative Strength Rating Jump To 81",0.69
BGFV,2021-05-10,31.31,0.031291,Big 5 Sporting Goods (NASDAQ:BGFV) Could Be A Buy For Its Upcoming Dividend,0.52
BGFV,2021-05-06,28.3,0.131547,Why Big 5 Sporting Goods Stock Was Surging Today,0.72
BGFV,2021-05-06,28.3,0.131547,"Dow Jones Today Eyes Record, Tech Stocks Bounce As Yellen Clarifies; Big 5, Under Armour Lead Retail Rally",0.66
BGFV,2021-05-06,28.3,0.131547,"Dow Jones Today, Futures Rise, Tech Stocks Bounce As Yellen Clarifies; Big 5, Under Armour Lead Retail Rally",0.57
BGFV,2021-05-06,28.3,0.131547,Big 5 Sporting Goods (BGFV) Q1 2021 Earnings Call Transcript,0.17
BGFV,2021-05-05,25.01,0.311484,"Academy Sports &amp; Outdoor, IBD Stock Of The Day, Holds Its Ground Near Buy Point",0.35
BGFV,2021-05-05,25.01,0.311484,Big 5 Sporting Goods Corporation Announces Fiscal 2021 First Quarter Results,0.51
BGFV,2021-05-05,25.01,0.311484,Big 5 Sporting Goods Corp. to Host Earnings Call,0.22
BGFV,2021-04-28,18.38,0.0,"Big 5 Sporting Goods Corporation to Report Fiscal 2021 First Quarter Results on May 4, 2021",0.02
BGFV,2021-04-08,17.02,0.020384,Bridgestone Golf has no plans to relocate from Georgia: CEO,0.12
BGFV,2021-04-06,16.82,-0.00591,Investors Will Want Big 5 Sporting Goods' (NASDAQ:BGFV) Growth In ROCE To Persist,0.44
BGFV,2021-03-17,16.08,0.024204,Top Retail Stocks for Q2 2021,0.51
BGFV,2021-03-04,12.68,-0.073776,A Look Into Big 5 Sporting Goods Price Over Earnings,0.17
BGFV,2021-03-04,12.68,-0.073776,Big 5 Sporting Goods (BGFV) Q4 2020 Earnings Call Transcript,0.04
BGFV,2021-03-03,13.69,-0.069973,Big 5 Sporting Goods Corporation Announces Fiscal 2020 Fourth Quarter and Full Year Results,0.31
BGFV,2021-03-02,14.72,-0.006748,This Week's 5 Red-Hot Earnings Charts,0.64
BGFV,2021-02-26,13.5,-0.043232,Big 5 Sporting Goods Corporation Announces Entry Into New Five-Year Credit Facility,0.41
BGFV,2021-02-24,14.77,0.030705,5 Value Stocks To Watch In The Consumer Cyclical Sector,0.26
BGFV,2021-02-24,14.77,0.030705,"Big 5 Sporting Goods Corporation to Report Fiscal 2020 Fourth Quarter and Full Year Results on March 2, 2021",0.04
BGFV,2021-02-10,15.62,0.009044,5 Value Stocks In The Consumer Cyclical Sector,0.4
BGFV,2021-01-27,12.61,0.003182,Overview Of Value Stocks In The Consumer Cyclical Sector,0.1
BGFV,2021-01-15,11.21,-0.016667,The Big 5 Sporting Goods (NASDAQ:BGFV) Share Price Is Up 196% And Shareholders Are Boasting About It,0.73
BGFV,2021-01-14,11.4,-0.018933,Big 5 Sporting Goods shares rally after preliminary Q4 profit beats expectations,0.73
BGFV,2021-01-14,11.4,-0.018933,Big 5 Sporting Goods Corporation Announces Fiscal 2020 Fourth Quarter and Full Year Sales Results and Update of Earnings Guidance,0.52
BGFV,2021-01-08,12.23,0.006584,Big 5 Sporting Goods Corporation to Present at 23rd Annual ICR Conference,0.21
BGFV,2021-01-06,11.89,0.080909,A Look Into Consumer Cyclical Sector Value Stocks,0.22
BGFV,2020-12-15,8.63,0.066749,Is UTI A Good Stock To Buy Now?,0.29
BGFV,2020-12-10,8.75,-0.047878,Do Big 5 Sporting Goods's (NASDAQ:BGFV) Earnings Warrant Your Attention?,-0.07
BGFV,2020-12-04,9.35,-0.003198,"Should I Buy Sesen Bio, Inc. (SESN)?",0.35
BGFV,2020-11-30,9.53,-0.053097,"Is Eton Pharmaceuticals, Inc. (ETON) A Good Stock To Buy Now?",0.28
BGFV,2020-11-27,10.17,0.004941,Will Hedge Funds Ever Come Back To Grupo Supervielle S.A. (SUPV)?,0.11
BGFV,2020-11-10,7.85,0.018158,Is Big 5 Sporting Goods Corporation's (NASDAQ:BGFV) Recent Stock Performance Influenced By Its Fundamentals In Any Way?,-0.04
BGFV,2020-10-29,7.39,-0.017287,Price Over Earnings Overview: Big 5 Sporting Goods,0.17
BGFV,2020-10-28,7.52,-0.073892,Big 5 Sporting Goods Corporation Announces Record Fiscal 2020 Third Quarter Results,0.76
BGFV,2020-10-21,8.26,0.011016,"Big 5 Sporting Goods Corporation to Report Fiscal 2020 Third Quarter Results on October 27, 2020",0.02
BGFV,2020-07-29,6.58,0.472036,Big 5 Sporting Goods Corporation Announces Fiscal 2020 Second Quarter Results,0.17
BGFV,2020-07-22,4.34,0.215686,"Big 5 Sporting Goods Corporation to Report Fiscal 2020 Second Quarter Results on July 28, 2020",0.03
BGFV,2020-07-10,2.66,-0.007463,Big 5 Sporting Goods Corporation Provides Preliminary Results for Fiscal 2020 Second Quarter,0.18
BGFV,2020-06-25,2.07,0.143646,"Hedge Funds Are Selling Superior Energy Services, Inc. (SPN)",-0.43
BGFV,2020-05-28,1.9,-0.020619,Big 5 Sporting Goods Corporation Announces Fiscal 2020 First Quarter Results,0.11
BGFV,2020-05-20,1.36,-0.062069,"Big 5 Sporting Goods Corporation to Report Fiscal 2020 First Quarter Results on May 27, 2020",0.04
BGFV,2020-02-26,2.33,-0.206133,Big 5 Sporting Goods Corporation Announces Fiscal 2019 Fourth Quarter and Full-Year Results,0.11
BGFV,2020-02-19,3.56,0.00565,"Big 5 Sporting Goods Corporation to Report Fiscal 2019 Fourth Quarter and Full Year Results on February 25, 2020",0.04
BGFV,2020-01-14,4.06,0.309677,Big 5 Sporting Goods Corporation Announces Fiscal 2019 Fourth Quarter and Full Year Sales Results and Update of Earnings Guidance,0.18
BGSF,2021-06-29,11.97,-0.009926,"Is Computer Task Group, Inc. (CTG) A Good Stock To Buy?",0.28
BGSF,2021-06-18,12.34,-0.040435,BGSF (NYSE:BGSF) Could Be Struggling To Allocate Capital,-0.44
BGSF,2021-06-08,12.28,-0.009677,"BGSF, Inc. to Host Investor Meetings at the 11th Annual East Coast IDEAS Investor Conference",0.44
BGSF,2021-05-10,13.3,0.01372,"Don't Race Out To Buy BGSF, Inc. (NYSE:BGSF) Just Because It's Going Ex-Dividend",-0.1
BGSF,2021-05-07,13.12,-0.027428,"BGSF, Inc. to Host Earnings Call",0.09
BGSF,2021-05-07,13.12,-0.027428,"BGSF, Inc. Announces First Quarter 2021 Financial Results and 26th Consecutive Dividend",0.53
BGSF,2021-04-23,14.18,0.035793,"BGSF, Inc. to Host First Quarter 2021 Earnings Conference Call and Webcast",0.43
BGSF,2021-03-30,13.66,-0.007267,"BGSF, Inc.'s (NYSE:BGSF) Financial Prospects Don't Look Very Positive: Could It Mean A Stock Price Drop In The Future?",-0.33
BGSF,2021-03-17,15.36,-0.019783,All You Need to Know About BG Staffing (BGSF) Rating Upgrade to Buy,0.73
BGSF,2021-03-12,16.12,0.044042,"BGSF, Inc. Announces Fourth Quarter and Fiscal Year 2020 Financial Results",0.24
BGSF,2021-03-05,14.77,0.020028,Earnings Preview: BG Staffing (BGSF) Q4 Earnings Expected to Decline,-0.54
BGSF,2021-02-17,13.53,-0.013034,"BGSF, Inc. to Host Fiscal 2020 Fourth Quarter and Year-End Earnings Conference Call and Webcast",0.21
BGSF,2021-02-10,14.11,-0.035543,"Free Perks? Why Not, As Burger King Tests New Loyalty Program",0.31
BGSF,2021-02-10,14.11,-0.035543,"BGSF, Inc. Acquires Momentum Solutionz, a Nationally Recognized Provider of Information Technology Consulting and Managed Services",0.77
BGSF,2021-02-09,14.63,0.003429,"BGSF, Inc. Declares 25th Consecutive Quarterly Dividend",0.63
BGSF,2021-02-02,12.92,0.000775,Wall Street Has Made a Huge Mistake Overlooking These 3 Stocks,0.68
BGSF,2021-01-27,12.64,-0.030675,"BG Staffing, Inc. Announces Corporate Name Change to BGSF, Inc. to Reflect Broader Workforce Solutions Strategy",0.33
BGSF,2021-01-08,13.5,0.0,Burger King Undergoes Regal Redesign: Will It Impress Customers?,0.32
BGSF,2021-01-08,13.5,0.0,Burger King revamps brand for first time in over 20 years,0.54
BGSF,2021-01-07,13.5,0.017332,Here's Why Investors Should Retain Fiserv (FISV) Stock Now,0.51
BGSF,2021-01-07,13.5,0.017332,Broadridge (BR) Announces Collaboration With Software Vender SLIB,0.41
BGSF,2021-01-07,13.5,0.017332,Impossible Foods cuts wholesale prices by 15% for second time in one year,0.41
BGSF,2021-01-06,13.27,0.03028,6 Reasons Why You Should Invest in Republic Services (RSG),0.76
BGSF,2021-01-06,13.27,0.03028,Top Ranked Growth Stocks to Buy for January 5th,0.6
BGSF,2020-12-31,13.49,0.048174,Is Restaurant Brands (QSR) Poised for a Turnaround in 2021?,0.49
BGSF,2020-12-15,13.7,0.05547,Indian shares end higher; Burger King more than doubles in market debut,0.8
BGSF,2020-12-03,12.95,0.015686,Where Do Hedge Funds Stand On Townsquare Media Inc (TSQ)?,0.3
BIPC,2021-06-23,72.72,-0.011016,Brookfield Infrastructure Files Second Notice of Variation and Extension of the terms of the Offer to Purchase Inter Pipeline Ltd.,0.18
BIPC,2021-06-18,72.19,0.004592,Brookfield Infrastructure Corporation Announces Results of Annual Meeting of Shareholders,0.02
BIPC,2021-06-11,69.88,0.016288,Brookfield Infrastructure Challenges Inter Pipeline Ltd.’s Inappropriate Defensive Tactics,-0.61
BIPC,2021-05-25,69.96,0.007634,Brookfield Infrastructure Completes Offering of $250 Million of 60-Year Subordinated Notes,0.27
BIPC,2021-05-07,73.89,0.019032,Brookfield Infrastructure's Earnings Surge as the Global Economy Restarts,0.76
BIPC,2021-05-07,73.89,0.019032,Brookfield Infrastructure Reports Record First Quarter Results as FFO Increases 20%,0.77
BIPC,2021-04-20,75.06,0.014324,5 Utilities Beating the Market,0.63
BIPC,2021-04-13,73.63,-0.007682,Better Buy: Brookfield Infrastructure vs. Kinder Morgan,0.35
BIPC,2021-04-08,73.16,-0.004626,Brookfield Infrastructure Partners L.P. 2021 First Quarter Conference Call and Webcast for Investors and Analysts,0.04
BIPC,2021-04-08,73.16,-0.004626,Did You Miss Brookfield Infrastructure's (NYSE:BIPC) 94% Share Price Gain?,0.76
BIPC,2021-03-12,76.19,0.01088,Brookfield Infrastructure Comments on Inter Pipeline Ltd. Directors’ Circular,0.15
BIPC,2021-03-01,67.49,0.019178,Better Buy: Brookfield Infrastructure Partners vs. Clearway Energy,0.17
BIPC,2021-02-23,63.29,0.019984,Brookfield Infrastructure and Kinder Morgan to Sell Pipeline Stake for $830 million,0.64
BIPC,2021-02-23,63.29,0.019984,Brookfield Infrastructure Commences Cash and Share Offer to Acquire Inter Pipeline Ltd.,0.76
BIPC,2021-02-22,62.05,0.006325,Income Investors Should Know That Brookfield Infrastructure Corporation (NYSE:BIPC) Goes Ex-Dividend Soon,0.1
BIPC,2021-02-17,60.4,-0.005598,Is Brookfield Infrastructure Stock a Buy?,0.49
BIPC,2021-02-16,60.74,0.021012,3 Dividend Stocks Perfect for Retirees,0.5
BIPC,2021-02-11,61.77,-0.018121,Brookfield Infrastructure Announces Intention to Acquire Inter Pipeline Ltd. for C$16.50 per Share in a Transaction Valued at C$13.5 Billion,0.77
BIPC,2021-02-04,65.94,0.015086,Brookfield Infrastructure Corp - Ordinary Shares - Class A (Subordinate Share) to Host Earnings Call,0.13
BIPC,2021-02-04,65.94,0.015086,Brookfield Infrastructure Reports 2020 Year-End Results,0.21
BIPC,2021-02-03,64.96,-0.007487,Brookfield Infrastructure Announces Sale of North American District Energy Business for $4.1 Billion,0.74
BIPC,2021-02-02,65.45,-0.036508,Brookfield Infrastructure Corp. (BIPC) is a Definite ‘BUY’: FAM Funds,0.74
BIPC,2021-01-22,68.86,0.014587,Brookfield Infrastructure Issues $200 Million Green Preferred Units,0.44
BIPC,2021-01-06,66.02,-0.060347,Brookfield Infrastructure Partners L.P. 2020 Fourth Quarter Conference Call and  Webcast for Investors and Analysts,0.02
BIPC,2020-12-03,66.01,0.008402,Brookfield Infrastructure Announces Reset Distribution Rate on Its Series 3 Preferred Units,0.15
BIPC,2020-11-23,67.53,0.021325,Brookfield Infrastructure Corporation (NYSE:BIPC) Stock Goes Ex-Dividend In Just Four Days,-0.06
BIPC,2020-11-11,68.2,0.002204,Brookfield Infrastructure Renews its Limited Partnership Unit and Preferred Unit Normal Course Issuer Bids and Brookfield Infrastructure Corporation Commences a Normal Course Issuer Bid for Exchangeable Shares,0.18
BIPC,2020-11-10,68.05,0.053895,Brookfield Infrastructure Reports Third Quarter 2020 Results,0.21
BIPC,2020-10-09,55.93,-0.018083,Brookfield Infrastructure Partners L.P. 2020 Third Quarter Conference Call and Webcast for Investors and Analysts,0.0
BIPC,2020-10-02,55.05,-0.004881,Brookfield Infrastructure Announces Medium-Term Note Redemption Price Information,0.02
BIPC,2020-09-23,53.66,-0.013603,Brookfield Infrastructure Issues $200 Million Inaugural Green Preferred Units,0.53
BIPC,2020-09-02,52.97,0.049742,Brookfield Infrastructure to Redeem CDN$450 Million of 3.452% Series 2 Notes,0.21
BIPC,2020-09-02,52.97,0.049742,3 Top Infrastructure Stocks to Buy in September,0.71
BLDR,2021-07-01,43.68,0.02391,Builders FirstSource (BLDR) to Buy WTS Paradigm For $450M,0.77
BLDR,2021-06-30,42.66,0.002114,"Builders FirstSource to Acquire WTS Paradigm, LLC, a Software Solutions and Services Provider for the Building Products Industry",0.73
BLDR,2021-06-29,42.57,-0.059019,Aramark (ARMK): Hedge Funds Are Snapping Up,0.61
BLDR,2021-06-22,44.43,0.012534,"Hedge Funds Have Never Been This Bullish On Builders FirstSource, Inc. (BLDR)",0.68
BLDR,2021-06-22,44.43,0.012534,Hedge Funds Are Betting On Athene Holding Ltd. (ATH),0.54
BLDR,2021-06-11,43.86,0.027648,Builders FirstSource Shows Improved Relative Strength; Expanding With $400 Mil Cornerstone Buyout,0.64
BLDR,2021-06-04,42.7,0.010651,Did You Miss Builders FirstSource's (NASDAQ:BLDR) Impressive 254% Share Price Gain?,0.72
BLDR,2021-05-26,45.17,0.00691,Builders FirstSource (BLDR) Expands Reach in Arizona With Alliance,0.54
BLDR,2021-05-26,45.17,0.00691,"Builders Firstsource to Snap Up Cornerstone Building for $400M, Boost Geographic Presence",0.76
BLDR,2021-05-25,44.86,0.008543,Builders FirstSource Announces Definitive Agreement to Acquire Alliance Portfolio of Businesses,0.76
BLDR,2021-05-11,50.4,-0.036329,"Builders FirstSource (BLDR) Buys John's Lumber, Boosts Presence",0.71
BLDR,2021-05-07,52.36,0.006923,Builders FirstSource (BLDR) Surpasses Q1 Earnings and Revenue Estimates,0.74
BLDR,2021-05-07,52.36,0.006923,"Builders FirstSource, Inc. to Host Earnings Call",0.22
BLDR,2021-05-07,52.36,0.006923,Builders FirstSource Reports Record First Quarter 2021 Results,0.76
BLDR,2021-05-06,52.0,0.059927,A Trio of Strong Performers to Consider,0.47
BLDR,2021-05-06,52.0,0.059927,Why Builders FirstSource (BLDR) Might Surprise This Earnings Season,0.62
BLDR,2021-04-30,48.67,-0.026016,Builders FirstSource (BLDR) Earnings Expected to Grow: What to Know Ahead of Next Week's Release,0.62
BLDR,2021-04-29,49.97,0.018756,"Should You Be Impressed By Builders FirstSource, Inc.'s (NASDAQ:BLDR) ROE?",0.33
BLDR,2021-04-28,49.05,-0.018215,What's in Store for Builders FirstSource's (BLDR) Q1 Earnings?,0.34
BLDR,2021-04-23,48.77,0.021147,Is FLO Stock A Buy or Sell?,0.08
BLDR,2021-04-23,48.77,0.021147,Is BYD Stock A Buy or Sell?,-0.04
BLDR,2021-04-23,48.77,0.021147,Builders FirstSource to Host First Quarter 2021 Financial Results Conference Call and Webcast,0.03
BLDR,2021-04-23,48.77,0.021147,Builders FirstSource (BLDR) to Report Q1 Results: Wall Street Expects Earnings Growth,0.68
BLDR,2021-04-14,47.82,-0.010348,Boise Cascade: Making the Most of Brisk Housing Starts,0.67
BLDR,2021-04-14,47.82,-0.010348,"Stamps.com, Beyond Meat, Fastenal, Advance Auto Parts and Builders FirstSource highlighted as Zacks Bull and Bear of the Day",0.51
BLDR,2021-04-13,48.32,-0.019878,Why the Earnings Surprise Streak Could Continue for Builders FirstSource (BLDR),0.73
BLDR,2021-04-08,47.34,0.008307,Is SNV Stock A Buy or Sell?,-0.03
BLDR,2021-04-08,47.34,0.008307,Is BLDR Stock A Buy or Sell?,0.08
BLDR,2021-04-07,46.95,-0.022893,Beacon Appoints Binit Sanghvi Head of Investor Relations,0.23
BLDR,2021-04-01,47.37,0.021566,"These infrastructure stocks could rise up to 41% in a year on Biden’s massive spending plan, analysts say",0.73
BLDR,2021-03-30,45.91,0.025693,Is ASH Stock A Buy or Sell?,0.16
BLDR,2021-03-30,45.91,0.025693,"What Type Of Shareholders Own The Most Number of Builders FirstSource, Inc. (NASDAQ:BLDR) Shares?",0.0
BLDR,2021-03-09,44.82,0.011053,Trex Builds Its Relative Price Strength,0.64
BLDR,2021-03-09,44.82,0.011053,"Zacks.com featured highlights include: Atlas Air Worldwide, Cross Country Healthcare, Consol Energy, Triumph Group and Builders FirstSource",0.23
BLDR,2021-03-02,43.71,-0.025201,"Company News for Mar 1, 2021",0.0
BLDR,2021-03-02,43.71,-0.025201,Builders FirstSource 4Q Profit Soars 223%; Shares Gain 6.5%,0.74
BLDR,2021-02-26,43.265,0.065378,Earnings Preview for Builders FirstSource,0.61
BLDR,2021-02-08,43.41,0.019253,12 Best Industrial Stocks to Buy Now,0.59
BLDR,2021-02-04,41.55,0.02923,Builders FirstSource Announces Increase and Extension of Revolving Credit Facility,0.44
BLDR,2021-02-02,39.96,0.013699,"Builders FirstSource, Inc. -- Moody's upgrades Builders FirstSource's CFR to Ba2, senior secured notes to Ba2, senior unsecured notes to B1, and liquidity rating to SGL-1; outlook stable",0.67
BLDR,2021-01-28,38.89,0.02504,Why Builders FirstSource (BLDR) is Poised to Beat Earnings Estimates Again,0.75
BLDR,2021-01-28,38.89,0.02504,Should You Be Tempted To ‘Sell’ Builders FirstSource (BLDR) Stock,-0.41
BLDR,2021-01-15,40.87,0.015404,Builders FirstSource to Host Fourth Quarter &amp; Full-Year 2020 Financial Results Conference Call and Webcast,0.11
BLDR,2021-01-15,40.87,0.015404,Builders FirstSource to Host Fourth Quarter & Full-Year 2020 Financial Results Conference Call and Webcast,0.0
BLDR,2021-01-13,38.6,-0.022785,"Zacks.com featured highlights include: ABM Industries, ManpowerGroup, Builders FirstSource, Signet Jewelers and Tenet Healthcare",0.24
BLDR,2021-01-12,39.5,-0.00328,5 Broker-Friendly Stocks in View Amid COVID-Led Economic Gloom,0.43
BLDR,2021-01-08,40.17,-0.052371,"Broker Revenue Forecasts For Builders FirstSource, Inc. (NASDAQ:BLDR) Are Surging Higher",0.73
BLDR,2021-01-05,39.7,-0.003264,New Strong Buy Stocks for January 4th,0.61
BLDR,2021-01-05,39.7,-0.003264,Builders FirstSource Completes Combination with BMC Stock Holdings,0.77
BLDR,2020-12-22,41.05,0.007857,Is TENB A Good Stock To Buy According To Hedge Funds?,0.49
BLDR,2020-12-21,40.73,0.032708,Is ICUI Stock A Buy?,0.29
BLDR,2020-12-18,39.44,0.033272,Is RLAY A Good Stock To Buy Now?,0.36
BLDR,2020-11-17,35.81,-0.001394,Builders FirstSource and BMC Stock Holdings Receive HSR Clearance for Proposed Combination,0.72
BLDR,2020-11-06,34.09,-0.016162,"Builders FirstSource Expands Value-Add Service Offering through the Acquisition of Kansas City Building Supply, a Top Supplier of Windows, Doors, and Millwork to Homebuilders in a Growing Market",0.71
BLDR,2020-11-03,32.68,0.000306,Builders Firstsource Sees Its Composite Rating Rise To 97,0.67
BLDR,2020-10-30,30.3,0.009663,Builders FirstSource Reports Third Quarter 2020 Results,0.04
BLDR,2020-10-16,33.5,-0.019895,"Lifshitz Law Firm, P.C. Announces Investigation of American Renal Associates Holdings, Inc. (NYSE: ARA), BMC Stock Holdings, Inc., Cellular Biomedicine Group, Inc., and Eidos Therapeutics, Inc.",-0.61
BLDR,2020-10-09,34.0,0.003838,Builders FirstSource to Host Third Quarter 2020 Financial Results Conference Call and Webcast,0.03
BLDR,2020-09-17,32.28,-0.026831,"Lifshitz Law Firm, P.C. Announces Investigation of Aimmune Therapeutics, Inc., (NASDAQ:AIMT), Akcea Therapeutics, Inc., (NASDAQ:AKCA), BMC Stock Holdings, Inc., (NASDAQ:BMCH), and Cancer Genetics, Inc., (NASDAQ:CGIX)",-0.4
BLDR,2020-08-28,31.67,0.047288,"BMC STOCK HOLDINGS ALERT: Bragar Eagel & Squire, P.C. Investigates Sale of BMCH and Encourages Investors to Contact the Firm",-0.41
BLDR,2020-08-28,31.67,0.047288,"Builders FirstSource to Combine with BMC Stock Holdings, Creating the Nation’s Premier Supplier of Building Materials and Services",0.77
BLDR,2020-07-31,23.69,0.011097,Builders FirstSource Reports Second Quarter 2020 Results,0.21
BLDR,2020-07-08,20.86,0.051411,Builders FirstSource to Host Second Quarter 2020 Financial Results Conference Call and Webcast,0.03
BLDR,2020-05-01,17.235,-0.060763,Builders FirstSource Reports First Quarter 2020 Results,0.18
BLDR,2020-04-22,13.46,-0.001484,Builders FirstSource Prices Offering of $350 Million of Senior Secured Notes due 2027,0.32
BLDR,2020-04-22,13.46,-0.001484,Builders FirstSource Launches Offering of $250 Million of Senior Secured Notes due 2027,-0.24
BLDR,2020-04-08,13.58,-0.000736,Builders FirstSource to Host First Quarter 2020 Financial Results Conference Call and Webcast,0.04
BLDR,2020-04-07,13.59,0.06089,Builders FirstSource Provides Update Related to COVID-19,-0.21
BLDR,2020-02-21,26.69,-0.052874,Builders FirstSource Reports Fourth Quarter and Full Year 2019 Results,0.18
BLDR,2020-02-07,24.525,-0.023103,Builders FirstSource Prices Offering of $550 Million of Senior Notes due 2030,0.43
BLDR,2020-02-07,24.525,-0.023103,Builders FirstSource Launches Offering of $500 Million of Senior Notes due 2030,0.08
BLDR,2020-01-14,26.43,-0.013438,Builders FirstSource Announces Planned Retirement of Chief Executive Officer in 2020,0.03
BLDR,2020-01-10,26.37,0.003043,Builders FirstSource to Host Fourth Quarter 2019 Financial Results Conference Call and Webcast,0.05
BLDR,2020-01-10,26.37,0.003043,Builders FirstSource Acquires Vertically-Integrated Provider of Value-Added Offerings in Growing Carolina Markets,0.74
BLMN,2021-06-30,27.14,0.016099,Bloomin' Brands (BLMN) Sees Hammer Chart Pattern: Time to Buy?,0.55
BLMN,2021-06-29,26.71,-0.015844,3 Reasons Why Bloomin' Brands (BLMN) Is a Great Growth Stock,0.73
BLMN,2021-06-25,27.23,-0.004023,Olive Garden isn't the hottest restaurant chain at Darden — it's this one,0.18
BLMN,2021-06-22,26.25,-0.003417,Bloomin’ Brands Promotes Mark Graff to Executive Leadership Team,0.32
BLMN,2021-06-11,28.06,-0.009531,Looking for a Growth Stock? 3 Reasons Why Bloomin' Brands (BLMN) is a Solid Choice,0.71
BLMN,2021-06-02,28.85,-0.011648,Bloomin’ Brands Promotes Danielle Vona to Executive Leadership Team,0.44
BLMN,2021-05-11,29.45,-0.01307,What employers are doing to attract workers,0.0
BLMN,2021-05-04,30.87,0.006521,Fancier steaks are all the rage for post-quarantined consumers: Outback Steakhouse owner,0.43
BLMN,2021-04-30,31.6,0.007011,‘The business has been terrific’: Bloomin’ Brands CEO,0.52
BLMN,2021-04-30,31.6,0.007011,Why Bloomin' Brands Stock Popped to All-Time Highs Today,0.79
BLMN,2021-04-30,31.6,0.007011,Bloomin' Brands (BLMN) Q1 Earnings and Revenues Top Estimates,0.76
BLMN,2021-04-30,31.6,0.007011,Shares of Outback parent Bloomin' Brands soar as U.S. comp sales more than double in last four weeks,0.76
BLMN,2021-04-30,31.6,0.007011,Bloomin’ Brands Announces 2021 Q1 Financial Results and Strong Operating Margin Expansion,0.76
BLMN,2021-04-30,31.6,0.007011,"
Rhian Hunt  |  Apr 29, 2021
",0.0
BLMN,2021-04-30,31.6,0.007011,"
Jon Quast  |  Apr 29, 2021
",0.0
BLMN,2021-04-27,28.71,0.028664,Is BLMN Stock A Buy or Sell?,0.07
BLMN,2021-04-23,28.19,-0.015368,Bloomin' Brands (BLMN) Reports Next Week: Wall Street Expects Earnings Growth,0.62
BLMN,2021-04-20,27.92,-0.021038,"Estimating The Fair Value Of Bloomin' Brands, Inc. (NASDAQ:BLMN)",0.23
BLMN,2021-04-14,27.7,0.027067,"Bloomin’ Brands, Inc. Names Lissette Gonzalez SVP, Global Supply Chain Officer",0.2
BLMN,2021-04-13,26.97,-0.037817,"Bloomin’ Brands, Inc. to Host Fiscal 2021 First Quarter Earnings Conference Call at 8:30 AM EDT on April 29, 2021",0.04
BLMN,2021-04-07,27.71,0.04036,Bloomin’ Brands Announces Pricing of $300 Million of Senior Notes Due 2029,0.04
BLMN,2021-04-07,27.71,0.04036,"Bloomin' Brands, Inc. -- Moody's affirms Bloomin' Brands B1 CFR; outlook negative",-0.41
BLMN,2021-04-07,27.71,0.04036,Bloomin’ Brands Announces Private Offering of $300 Million of Senior Notes Due 2029,-0.2
BLMN,2021-03-25,28.56,0.08966,"Bloomin' Brands, Inc. -- Moody's announces completion of a periodic review of ratings of Bloomin' Brands, Inc.",0.21
BLMN,2021-03-17,28.26,0.013266,Lori Malcolm Joins Bloomin’ Brands as Senior Vice President of Human Resources,0.27
BLMN,2021-03-12,28.48,0.054815,These 10 companies would see their profits crushed if the minimum wage hits $11: Morgan Stanley,-0.51
BLMN,2021-03-10,27.18,0.042178,"Benzinga's Top Ratings Upgrades, Downgrades For March 9, 2021",0.0
BLMN,2021-02-19,24.83,0.028157,Recap: Bloomin Brands Q4 Earnings,0.62
BLMN,2021-02-19,24.83,0.028157,Bloomin’ Brands Reports Strengthening Q1 2021 Sales Trends,0.71
BLMN,2021-02-19,24.83,0.028157,How Has Bloomin' Brands (NASDAQ:BLMN) Allocated Its Capital?,0.27
BLMN,2021-01-29,21.07,0.00095,"Bloomin’ Brands, Inc. to Host Fiscal 2020 Fourth Quarter Earnings Conference Call at 8:30 AM EST on February 18, 2021",0.07
BLMN,2021-01-27,20.02,-0.059431,Is Bloomin' Stock a Buy?,0.08
BLMN,2021-01-27,20.02,-0.059431,"
Jon Quast  |  Jan 26, 2021
",0.0
BLMN,2021-01-13,20.68,-0.013359,Better Buy: Starbucks vs. Bloomin' Brands,0.43
BLMN,2021-01-07,20.57,0.0143,Implied Volatility Surging for Bloomin' Brands (BLMN) Stock Options,0.46
BLMN,2021-01-05,19.04,0.038168,"Is Now An Opportune Moment To Examine Bloomin' Brands, Inc. (NASDAQ:BLMN)?",0.17
BLMN,2020-12-28,18.86,-0.004749,Barry Rosenstein and Jana Partners: Top 10 Stock Picks,0.51
